Workbook
Name SegmentaçãodeDados_Qual_o_seu_Setor?: #N/A

Sheet Dashboard

Sheet Explicação
A1: Item | B1: Descrição
A2: Explicação | B2: Nessa aba contém todas informações sobre o critério de cálculo dessa planilha, e também orientações de uso.
A3: Critérios de Probabilidade | B3: As informações dessa aba servem para realizar a análise qualitativa da probabilidade do risco por setor. Os critérios estão divididos entre freqência, histórico de risco e recursos.O psicólogo deverá fazer a análise através de entrevistas e observações baseando-se nos critérios apresentados, e depois determinar: 1 - Baixa / 2 Média / 3 Alta Probabilidade para cada setor e cada tópico de risco na aba resumo por tópico, na coluna "Média Probabilidade". SUGESTÃO: Copiar e colar a aba de critérios de probabilidade em outro arquivo de excel apra ter rascunhos para os diversos setores da empresa).
A4: Dados Do Forms | B4: Aqui deverão ser colados os dados da planilha do forms com as pontuações geradas do questionário. IMPORTANTE: Ter muita atenção na hora de colar, verificar se está no início de toda a planilha (Linhas e Colunas).
A5: Dashboard | B5: Aqui serão gerados os Gráficos com a determinação final da matriz de risco Por Setor, Gravidade por setor, e gravidade geral da empresa.
A6: Escala | B6: Nessa Aba é possível visualizar por setor a média (Simples) da gravidade das respostas, além de estar sendo feita a conversão dos valores das perguntas abertas e invertidas.
A7: Lógica Direta | B7: Quanto maior a resposta, maior o risco psicossocial (ex: 'Você sofre pressão excessiva?').
A8: Lógica Invertida | B8: Quanto maior a resposta, menor o risco psicossocial (ex: 'Você sente apoio da liderança?').
A9: Pontuação Corrigida | B9: Campo calculado automaticamente com base na lógica direta ou invertida.
A10: Gravidade | B10: Classificação do risco com base na Pontuação Corrigida: Alta (>=3), Média (=2), Baixa (<=1).
A11: Gravidade Num / Probabilidade Num | B11: Conversão de texto para número: Alta = 3, Média = 2, Baixa = 1. Usado para cálculo de médias.
A12: Resumo Por tópico | B12: A aba 'Resumo por Tópico' calcula automaticamente a média da gravidade de cada bloco de10 perguntas por tema. Classificações são geradas com base nos valores médios. Essa aba fará a classificação das médias, trazendo o resultado automático da média da GRAVIDADE das respostas, já convertidas por cada tópico (Fator de Risco psicossocial).
A13: Probabilidade | B13: A classificação da Probabilidade deve ser feita por cada setor. Ou seja, sempre que um setor for filtrado, é preciso inserir a probabilidade dele aqui para que os resultados não fiquem iguais.
B14: A probabilidade é Classificação da chance do risco ocorrer com base na Resposta Original: Alta (>=3), Média (=2), Baixa (<=1).
A15: Como são calculadas as médias de gravidade e probabilidade? | B15: As colunas 'Gravidade Num' da aba Escala contêm valores numéricos para cada resposta (Alta=3, Média=2, Baixa=1). A aba 'Resumo por Tópico' calcula a média desses valores a cada 03, 04 ou 5 perguntas de um mesmo tema, e fornece a média de Gravidade por Tópico e da probabilidade inserida pelo psicólogo.
A16: Análise e Avaliação | B16: A aba análise e avaliação trará de forma automática os dados (Média da Gravidade, Média da Probabilidade). do setor que estiver filtrado na aba resumo por tópico. E também trará de forma automática, o cruzamento da gravidade com a probabilidade conforme determina a matriz de risco da NR 01. Classificando o risco final do tópico e do setor em baixo, médio, alto ou crítico. A coluna fonte geradora do risco , também poderá ser alterada de acordo com a análise do Psicólogo.
A17: Identificação. | B17: Nessa parte o psicólogo deverá informar seu nome completo e CRP como responsável técnico pela avaliação. Em seguida, colocar os dados da empresa e do setor que está filtrado. Para salvar os dados o Psi deverá selecionar todo o quadro e salvar em PDF, ou imagem, com o nome do setor. Exemplo: (DRPS - Financeiro) Em seguida é só trocar o setor e os dados fazer um novo salvamento.
A18: Medida de Controle | B18: Nessa aba está o calendário proposto para ações que promovem a saúde mental e previne o adoecimento emocional decorrente dos riscos psicossociais avaliados. Também pode ser alterado pelo Psicólogo ao avaliar as necessidades da empresa.
A19: Monitoramento de Desempenho | B19: Sugestão para o monitoramento Contínuo do Risco.

Sheet Dados do Forms
C1: Media | D1: =SUBTOTAL(1,Tabela_2[01 - Você já presenciou ou sofreu comentários ofensivos, piadas ou insinuações inadequadas no ambiente de trabalho? (- Responda pensando se já presenciou ou sofreu esse tipo de situação no trabalho.)]) -> #DIV/0! | E1: =SUBTOTAL(1,Tabela_2[02 - Você se sente à vontade para relatar situações de assédio moral ou sexual na empresa sem medo de represálias? (-Responda se você se sente seguro(a) para relatar situações de assédio na empresa.)]) -> #DIV/0! | F1: =SUBTOTAL(1,Tabela_2[03 - Existe um canal seguro e sigiloso para denunciar assédio na empresa? (-Responda se a empresa oferece um meio seguro para denunciar assédio e outras situações)]) -> #DIV/0! | G1: =SUBTOTAL(1,Tabela_2[04 - Há casos conhecidos de assédio moral ou sexual que não foram devidamente investigados ou punidos? (- Responda se você percebe que situações de assédio não são tratadas corretamente.)]) -> #DIV/0! | H1: =SUBTOTAL(1,Tabela_2[05 - O RH e os gestores demonstram comprometimento real com a prevenção do assédio? (- Responda se você percebe que situações de assédio não são tratadas corretamente.)]) -> #DIV/0! | I1: =SUBTOTAL(1,Tabela_2[06 - Você sente que pode contar com seus colegas em momentos de dificuldade? (-Responda se você sente que pode contar com seus colegas quando precisa.)]) -> #DIV/0! | J1: =SUBTOTAL(1,Tabela_2[07 - Existe apoio da liderança para lidar com desafios relacionados ao trabalho? (Responda se seus gestores ajudam quando surgem dificuldades no trabalho.)]) -> #DIV/0! | K1: =SUBTOTAL(1,Tabela_2[08 - O RH está presente e atuante quando surgem conflitos ou dificuldades no trabalho? (Responda se o RH costuma apoiar quando há conflitos ou problemas.)]) -> #DIV/0! | L1: =SUBTOTAL(1,Tabela_2[09 - Os gestores promovem um ambiente saudável e respeitoso? (Responda como você avalia o comportamento dos gestores no dia a dia.)]) -> #DIV/0! | M1: =SUBTOTAL(1,Tabela_2[10 - Você sente que pode expressar suas dificuldades no trabalho sem ser julgado(a)? (Responda se você se sente à vontade para falar sobre dificuldades no trabalho.)]) -> #DIV/0! | N1: =SUBTOTAL(1,Tabela_2[11 - Mudanças organizacionais impactaram negativamente seu sentimento de segurança no trabalho? (Responda se mudanças na empresa afetaram sua sensação de segurança no trabalho.)]) -> #DIV/0! | O1: =SUBTOTAL(1,Tabela_2[12 - Há comunicação clara sobre mudanças que afetam a empresa ou os trabalhadores? (Responda se a empresa costuma explicar bem as mudanças que acontecem.)]) -> #DIV/0! | P1: =SUBTOTAL(1,Tabela_2[13 - Você já sentiu que seu emprego estava ameaçado sem explicações claras durante períodos de mudança? (Responda se já sentiu insegurança sobre seu emprego durante mudanças.)]) -> #DIV/0! | Q1: =SUBTOTAL(1,Tabela_2[14 - Existe transparência na comunicação da empresa durante processos de mudança? (Responda se as mudanças são comunicadas de forma clara e aberta.)]) -> #DIV/0! | R1: =SUBTOTAL(1,Tabela_2[15 - Você recebe instruções claras sobre suas responsabilidades no trabalho? (Responda se você entende bem quais são suas responsabilidades.)]) -> #DIV/0! | S1: =SUBTOTAL(1,Tabela_2[16 - A comunicação da empresa ajuda você a entender o que é esperado do seu trabalho? (Responda se a empresa deixa claro o que espera do seu trabalho.)]) -> #DIV/0! | T1: =SUBTOTAL(1,Tabela_2[17 - A comunicação entre equipes e setores contribui para a clareza das suas tarefas? (Responda se a comunicação entre áreas ajuda no seu trabalho.)]) -> #DIV/0! | U1: =SUBTOTAL(1,Tabela_2[18 - Você se sente confortável para pedir esclarecimentos quando não entende suas funções ou prioridades? (Responda se você se sente à vontade para perguntar quando não entende algo.)]) -> #DIV/0! | V1: =SUBTOTAL(1,Tabela_2[19 - Você sente que seu esforço e desempenho são reconhecidos pela liderança? (Responda se você se sente valorizado(a) pelo trabalho que realiza.)]) -> #DIV/0! | W1: =SUBTOTAL(1,Tabela_2[20 - Você recebe feedback construtivo sobre o seu trabalho com regularidade? (Responda se você recebe orientações ou retornos sobre seu trabalho.)]) -> #DIV/0! | X1: =SUBTOTAL(1,Tabela_2[21 - Com que Frequência Você já se sentiu desmotivado(a) por falta de reconhecimento no trabalho? (Responda se a falta de reconhecimento já te deixou desmotivado(a).]) -> #DIV/0! | Y1: =SUBTOTAL(1,Tabela_2[22 - Você tem liberdade para tomar decisões sobre como executar suas tarefas diárias? (Responda se você pode sugerir melhorias ou decidir como fazer suas tarefas.)]) -> #DIV/0! | Z1: =SUBTOTAL(1,Tabela_2[23 - A empresa confia na sua capacidade de organizar e gerenciar o próprio trabalho? (Responda se sente que a empresa confia na forma como você organiza seu trabalho.)]) -> #DIV/0! | AA1: =SUBTOTAL(1,Tabela_2[24 - Existe excesso de controle ou burocracia que interfere no seu desempenho? (Responda se regras ou controles atrapalham seu desempenho.)]) -> #DIV/0! | AB1: =SUBTOTAL(1,Tabela_2[25 - Existe excesso de supervisão que impacta negativamente na sua produtividade ou bem-estar?]) -> #DIV/0! | AC1: =SUBTOTAL(1,Tabela_2[26 - Você acha justas e claras as formas que a empresa usa para avaliar o seu trabalho? (Responda se as formas de avaliar seu trabalho são claras e justas.)]) -> #DIV/0! | AD1: =SUBTOTAL(1,Tabela_2[27 - Você sente que há igualdade no reconhecimento entre diferentes áreas ou equipes? (Responda se você percebe tratamento justo entre equipes ou setores.)]) -> #DIV/0! | AE1: =SUBTOTAL(1,Tabela_2[28 - Você sente que há transparência nas decisões de desligamento na empresa? (Responda se a empresa é clara quando ocorrem desligamentos.)]) -> #DIV/0! | AF1: =SUBTOTAL(1,Tabela_2[29 - Você já presenciou casos de demissões que considerasse injustas? (Responda se já presenciou demissões que considerou injustas.)]) -> #DIV/0! | AG1: =SUBTOTAL(1,Tabela_2[30 - Você já vivenciou ou presenciou alguma situação de violência grave no trabalho (como agressão física, ameaça séria ou ataque verbal intenso)?]) -> #DIV/0! | AH1: =SUBTOTAL(1,Tabela_2[31 - Você já passou por algum evento grave no trabalho (como acidente sério, situação de risco extremo ou episódio muito impactante)? Responda se já passou por situações muito graves ou perigosas no trabalho.]) -> #DIV/0! | AI1: =SUBTOTAL(1,Tabela_2[32 - Alguma situação vivida no trabalho já foi tão marcante que deixou medo, choque ou forte abalo emocional? (Responda se alguma situação no trabalho já te causou forte abalo emocional.)]) -> #DIV/0! | AJ1: =SUBTOTAL(1,Tabela_2[33 - Você sente que, na maior parte do tempo, tem pouco trabalho a realizar durante sua jornada? (Responda se costuma ter pouco trabalho durante sua jornada.)]) -> #DIV/0! | AK1: =SUBTOTAL(1,Tabela_2[34 - Você costuma ficar com tempo ocioso no trabalho por falta de tarefas ou demandas claras? (Responda se frequentemente fica sem tarefas para realizar.)]) -> #DIV/0! | AL1: =SUBTOTAL(1,Tabela_2[35 - Você sente que suas habilidades ou conhecimentos são pouco utilizados no seu trabalho? (Responda se sente que suas habilidades são pouco aproveitadas.)]) -> #DIV/0! | AM1: =SUBTOTAL(1,Tabela_2[36 - Seu trabalho costuma ser pouco desafiador ou repetitivo a ponto de gerar desânimo? (Responda se o trabalho é repetitivo ou desmotivador.)]) -> #DIV/0! | AN1: =SUBTOTAL(1,Tabela_2[37 - Você sente que sua carga de trabalho diária é maior do que consegue realizar dentro do horário normal? (Responda se a quantidade de trabalho é maior do que consegue realizar.)]) -> #DIV/0! | AO1: =SUBTOTAL(1,Tabela_2[38 - Você frequentemente precisa fazer horas extras ou levar trabalho para casa? (Responda se costuma trabalhar além do horário normal.)]) -> #DIV/0! | AP1: =SUBTOTAL(1,Tabela_2[39 - Você já teve sintomas físicos ou emocionais (como exaustão, ansiedade ou insônia) devido ao excesso de trabalho? (Responda se o excesso de trabalho já afetou sua saúde)]) -> #DIV/0! | AQ1: =SUBTOTAL(1,Tabela_2[40 - A equipe é dimensionada/dividida corretamente para a demanda/quantidade de trabalho existente? (Responda se a quantidade de pessoas é suficiente para a demanda.)]) -> #DIV/0! | AR1: =SUBTOTAL(1,Tabela_2[41 - Você já evitou colegas ou superiores por causa de desentendimentos frequentes? (Responda se já evitou colegas ou superiores por conflitos.)]) -> #DIV/0! | AS1: =SUBTOTAL(1,Tabela_2[42 - Você percebe rivalidade excessiva ou desnecessária entre colegas ou setores? (Responda se percebe disputas desnecessárias no trabalho.)]) -> #DIV/0! | AT1: =SUBTOTAL(1,Tabela_2[43 - Conflitos no trabalho costumam ser resolvidos de forma justa? (Responda se os conflitos costumam ser resolvidos de forma justa.)]) -> #DIV/0! | AU1: =SUBTOTAL(1,Tabela_2[44 - Você trabalha em condições (como turnos diferentes, trabalho externo ou distância física) que dificultam a comunicação no trabalho? (Responda se seu trabalho dificulta a comunicação com colegas ou líderes.)]) -> #DIV/0! | AV1: =SUBTOTAL(1,Tabela_2[45 - A distância física entre você e sua equipe ou liderança dificulta a troca de informações? (Responda se a distância atrapalha a troca de informações.)]) -> #DIV/0! | AW1: =SUBTOTAL(1,Tabela_2[46 - Você já teve dificuldade para receber informações importantes no momento certo por causa da organização do trabalho? (Responda se já recebeu informações importantes com atraso.)]) -> #DIV/0! | AX1: =SUBTOTAL(1,Tabela_2[47 - Você tem acesso fácil aos meios necessários para se comunicar com colegas e liderança durante o trabalho? (Responda se você tem meios adequados para se comunicar no trabalho.)]) -> #DIV/0! | AY1: =SUBTOTAL(1,Tabela_2[48 - Você trabalha grande parte do tempo de forma remota ou sozinho(a), com pouco contato presencial com colegas ou liderança? (Responda se você trabalha a maior parte do tempo sozinho(a) ou à distância.)]) -> #DIV/0! | AZ1: =SUBTOTAL(1,Tabela_2[49 - Você sente que o trabalho remoto ou isolado faz com que se sinta distante da equipe ou da empresa? (Responda se isso faz você se sentir distante da equipe ou da empresa.)]) -> #DIV/0! | BA1: =SUBTOTAL(1,Tabela_2[50 - Mesmo trabalhando de forma remota ou isolada, você sente que recebe apoio e acompanhamento adequados da empresa?(Responda se, mesmo à distância, você recebe apoio da empresa.)]) -> #DIV/0! | BB1: =SUBTOTAL(1,Tabela_2[Coluna1]) -> #DIV/0! | BC1: =SUBTOTAL(1,Tabela_2[Coluna2]) -> #DIV/0! | BD1: =SUBTOTAL(1,Tabela_2[Coluna3]) -> #DIV/0! | BE1: =SUBTOTAL(1,Tabela_2[Coluna4]) -> #DIV/0! | BF1: =SUBTOTAL(1,Tabela_2[Coluna5]) -> #DIV/0! | BG1: =SUBTOTAL(1,Tabela_2[Coluna6]) -> #DIV/0! | BH1: =SUBTOTAL(1,Tabela_2[Coluna7]) -> #DIV/0! | BI1: =SUBTOTAL(1,Tabela_2[Coluna8]) -> #DIV/0! | BJ1: =SUBTOTAL(1,Tabela_2[Coluna9]) -> #DIV/0! | BK1: =SUBTOTAL(1,Tabela_2[Coluna10]) -> #DIV/0! | BL1: =SUBTOTAL(1,Tabela_2[Coluna11]) -> #DIV/0! | BM1: =SUBTOTAL(1,Tabela_2[Coluna12]) -> #DIV/0! | BN1: =SUBTOTAL(1,Tabela_2[Coluna13]) -> #DIV/0! | BO1: =SUBTOTAL(1,Tabela_2[Coluna14]) -> #DIV/0! | BP1: =SUBTOTAL(1,Tabela_2[Coluna15]) -> #DIV/0! | BQ1: =SUBTOTAL(1,Tabela_2[Coluna16]) -> #DIV/0! | BR1: =SUBTOTAL(1,Tabela_2[Coluna17]) -> #DIV/0! | BS1: =SUBTOTAL(1,Tabela_2[Coluna18]) -> #DIV/0! | BT1: =SUBTOTAL(1,Tabela_2[Coluna19]) -> #DIV/0! | BU1: =SUBTOTAL(1,Tabela_2[Coluna20]) -> #DIV/0! | BV1: =SUBTOTAL(1,Tabela_2[Coluna21]) -> #DIV/0! | BW1: =SUBTOTAL(1,Tabela_2[Coluna22]) -> #DIV/0! | BX1: =SUBTOTAL(1,Tabela_2[Coluna23]) -> #DIV/0! | BY1: =SUBTOTAL(1,Tabela_2[Coluna24]) -> #DIV/0! | BZ1: =SUBTOTAL(1,Tabela_2[Coluna25]) -> #DIV/0! | CA1: =SUBTOTAL(1,Tabela_2[Coluna26]) -> #DIV/0! | CB1: =SUBTOTAL(1,Tabela_2[Coluna27]) -> #DIV/0! | CC1: =SUBTOTAL(1,Tabela_2[Coluna28]) -> #DIV/0! | CD1: =SUBTOTAL(1,Tabela_2[Coluna29]) -> #DIV/0! | CE1: =SUBTOTAL(1,Tabela_2[Coluna30]) -> #DIV/0! | CF1: =SUBTOTAL(1,Tabela_2[Coluna31]) -> #DIV/0! | CG1: =SUBTOTAL(1,Tabela_2[Coluna32]) -> #DIV/0! | CH1: =SUBTOTAL(1,Tabela_2[Coluna33]) -> #DIV/0! | CI1: =SUBTOTAL(1,Tabela_2[Coluna34]) -> #DIV/0! | CJ1: =SUBTOTAL(1,Tabela_2[Coluna35]) -> #DIV/0! | CK1: =SUBTOTAL(1,Tabela_2[Coluna36]) -> #DIV/0! | CL1: =SUBTOTAL(1,Tabela_2[Coluna37]) -> #DIV/0! | CM1: =SUBTOTAL(1,Tabela_2[Coluna38]) -> #DIV/0! | CN1: =SUBTOTAL(1,Tabela_2[Coluna39]) -> #DIV/0! | CO1: =SUBTOTAL(1,Tabela_2[Coluna40]) -> #DIV/0!
C2: Media geral | D2: =AVERAGE(Tabela_2[[#All],[01 - Você já presenciou ou sofreu comentários ofensivos, piadas ou insinuações inadequadas no ambiente de trabalho? (- Responda pensando se já presenciou ou sofreu esse tipo de situação no trabalho.)]]) -> #DIV/0! | E2: =AVERAGE(Tabela_2[[#All],[02 - Você se sente à vontade para relatar situações de assédio moral ou sexual na empresa sem medo de represálias? (-Responda se você se sente seguro(a) para relatar situações de assédio na empresa.)]]) -> #DIV/0! | F2: =AVERAGE(Tabela_2[[#All],[03 - Existe um canal seguro e sigiloso para denunciar assédio na empresa? (-Responda se a empresa oferece um meio seguro para denunciar assédio e outras situações)]]) -> #DIV/0! | G2: =AVERAGE(Tabela_2[[#All],[04 - Há casos conhecidos de assédio moral ou sexual que não foram devidamente investigados ou punidos? (- Responda se você percebe que situações de assédio não são tratadas corretamente.)]]) -> #DIV/0! | H2: =AVERAGE(Tabela_2[[#All],[05 - O RH e os gestores demonstram comprometimento real com a prevenção do assédio? (- Responda se você percebe que situações de assédio não são tratadas corretamente.)]]) -> #DIV/0! | I2: =AVERAGE(Tabela_2[[#All],[06 - Você sente que pode contar com seus colegas em momentos de dificuldade? (-Responda se você sente que pode contar com seus colegas quando precisa.)]]) -> #DIV/0! | J2: =AVERAGE(Tabela_2[[#All],[07 - Existe apoio da liderança para lidar com desafios relacionados ao trabalho? (Responda se seus gestores ajudam quando surgem dificuldades no trabalho.)]]) -> #DIV/0! | K2: =AVERAGE(Tabela_2[[#All],[08 - O RH está presente e atuante quando surgem conflitos ou dificuldades no trabalho? (Responda se o RH costuma apoiar quando há conflitos ou problemas.)]]) -> #DIV/0! | L2: =AVERAGE(Tabela_2[[#All],[09 - Os gestores promovem um ambiente saudável e respeitoso? (Responda como você avalia o comportamento dos gestores no dia a dia.)]]) -> #DIV/0! | M2: =AVERAGE(Tabela_2[[#All],[10 - Você sente que pode expressar suas dificuldades no trabalho sem ser julgado(a)? (Responda se você se sente à vontade para falar sobre dificuldades no trabalho.)]]) -> #DIV/0! | N2: =AVERAGE(Tabela_2[[#All],[11 - Mudanças organizacionais impactaram negativamente seu sentimento de segurança no trabalho? (Responda se mudanças na empresa afetaram sua sensação de segurança no trabalho.)]]) -> #DIV/0! | O2: =AVERAGE(Tabela_2[[#All],[12 - Há comunicação clara sobre mudanças que afetam a empresa ou os trabalhadores? (Responda se a empresa costuma explicar bem as mudanças que acontecem.)]]) -> #DIV/0! | P2: =AVERAGE(Tabela_2[[#All],[13 - Você já sentiu que seu emprego estava ameaçado sem explicações claras durante períodos de mudança? (Responda se já sentiu insegurança sobre seu emprego durante mudanças.)]]) -> #DIV/0! | Q2: =AVERAGE(Tabela_2[[#All],[14 - Existe transparência na comunicação da empresa durante processos de mudança? (Responda se as mudanças são comunicadas de forma clara e aberta.)]]) -> #DIV/0! | R2: =AVERAGE(Tabela_2[[#All],[15 - Você recebe instruções claras sobre suas responsabilidades no trabalho? (Responda se você entende bem quais são suas responsabilidades.)]]) -> #DIV/0! | S2: =AVERAGE(Tabela_2[[#All],[16 - A comunicação da empresa ajuda você a entender o que é esperado do seu trabalho? (Responda se a empresa deixa claro o que espera do seu trabalho.)]]) -> #DIV/0! | T2: =AVERAGE(Tabela_2[[#All],[17 - A comunicação entre equipes e setores contribui para a clareza das suas tarefas? (Responda se a comunicação entre áreas ajuda no seu trabalho.)]]) -> #DIV/0! | U2: =AVERAGE(Tabela_2[[#All],[18 - Você se sente confortável para pedir esclarecimentos quando não entende suas funções ou prioridades? (Responda se você se sente à vontade para perguntar quando não entende algo.)]]) -> #DIV/0! | V2: =AVERAGE(Tabela_2[[#All],[19 - Você sente que seu esforço e desempenho são reconhecidos pela liderança? (Responda se você se sente valorizado(a) pelo trabalho que realiza.)]]) -> #DIV/0! | W2: =AVERAGE(Tabela_2[[#All],[20 - Você recebe feedback construtivo sobre o seu trabalho com regularidade? (Responda se você recebe orientações ou retornos sobre seu trabalho.)]]) -> #DIV/0! | X2: =AVERAGE(Tabela_2[[#All],[21 - Com que Frequência Você já se sentiu desmotivado(a) por falta de reconhecimento no trabalho? (Responda se a falta de reconhecimento já te deixou desmotivado(a).]]) -> #DIV/0! | Y2: =AVERAGE(Tabela_2[[#All],[22 - Você tem liberdade para tomar decisões sobre como executar suas tarefas diárias? (Responda se você pode sugerir melhorias ou decidir como fazer suas tarefas.)]]) -> #DIV/0! | Z2: =AVERAGE(Tabela_2[[#All],[23 - A empresa confia na sua capacidade de organizar e gerenciar o próprio trabalho? (Responda se sente que a empresa confia na forma como você organiza seu trabalho.)]]) -> #DIV/0! | AA2: =AVERAGE(Tabela_2[[#All],[24 - Existe excesso de controle ou burocracia que interfere no seu desempenho? (Responda se regras ou controles atrapalham seu desempenho.)]]) -> #DIV/0! | AB2: =AVERAGE(Tabela_2[[#All],[25 - Existe excesso de supervisão que impacta negativamente na sua produtividade ou bem-estar?]]) -> #DIV/0! | AC2: =AVERAGE(Tabela_2[[#All],[26 - Você acha justas e claras as formas que a empresa usa para avaliar o seu trabalho? (Responda se as formas de avaliar seu trabalho são claras e justas.)]]) -> #DIV/0! | AD2: =AVERAGE(Tabela_2[[#All],[27 - Você sente que há igualdade no reconhecimento entre diferentes áreas ou equipes? (Responda se você percebe tratamento justo entre equipes ou setores.)]]) -> #DIV/0! | AE2: =AVERAGE(Tabela_2[[#All],[28 - Você sente que há transparência nas decisões de desligamento na empresa? (Responda se a empresa é clara quando ocorrem desligamentos.)]]) -> #DIV/0! | AF2: =AVERAGE(Tabela_2[[#All],[29 - Você já presenciou casos de demissões que considerasse injustas? (Responda se já presenciou demissões que considerou injustas.)]]) -> #DIV/0! | AG2: =AVERAGE(Tabela_2[[#All],[30 - Você já vivenciou ou presenciou alguma situação de violência grave no trabalho (como agressão física, ameaça séria ou ataque verbal intenso)?]]) -> #DIV/0! | AH2: =AVERAGE(Tabela_2[[#All],[31 - Você já passou por algum evento grave no trabalho (como acidente sério, situação de risco extremo ou episódio muito impactante)? Responda se já passou por situações muito graves ou perigosas no trabalho.]]) -> #DIV/0! | AI2: =AVERAGE(Tabela_2[[#All],[32 - Alguma situação vivida no trabalho já foi tão marcante que deixou medo, choque ou forte abalo emocional? (Responda se alguma situação no trabalho já te causou forte abalo emocional.)]]) -> #DIV/0! | AJ2: =AVERAGE(Tabela_2[[#All],[33 - Você sente que, na maior parte do tempo, tem pouco trabalho a realizar durante sua jornada? (Responda se costuma ter pouco trabalho durante sua jornada.)]]) -> #DIV/0! | AK2: =AVERAGE(Tabela_2[[#All],[34 - Você costuma ficar com tempo ocioso no trabalho por falta de tarefas ou demandas claras? (Responda se frequentemente fica sem tarefas para realizar.)]]) -> #DIV/0! | AL2: =AVERAGE(Tabela_2[[#All],[35 - Você sente que suas habilidades ou conhecimentos são pouco utilizados no seu trabalho? (Responda se sente que suas habilidades são pouco aproveitadas.)]]) -> #DIV/0! | AM2: =AVERAGE(Tabela_2[[#All],[36 - Seu trabalho costuma ser pouco desafiador ou repetitivo a ponto de gerar desânimo? (Responda se o trabalho é repetitivo ou desmotivador.)]]) -> #DIV/0! | AN2: =AVERAGE(Tabela_2[[#All],[37 - Você sente que sua carga de trabalho diária é maior do que consegue realizar dentro do horário normal? (Responda se a quantidade de trabalho é maior do que consegue realizar.)]]) -> #DIV/0! | AO2: =AVERAGE(Tabela_2[[#All],[38 - Você frequentemente precisa fazer horas extras ou levar trabalho para casa? (Responda se costuma trabalhar além do horário normal.)]]) -> #DIV/0! | AP2: =AVERAGE(Tabela_2[[#All],[39 - Você já teve sintomas físicos ou emocionais (como exaustão, ansiedade ou insônia) devido ao excesso de trabalho? (Responda se o excesso de trabalho já afetou sua saúde)]]) -> #DIV/0! | AQ2: =AVERAGE(Tabela_2[[#All],[40 - A equipe é dimensionada/dividida corretamente para a demanda/quantidade de trabalho existente? (Responda se a quantidade de pessoas é suficiente para a demanda.)]]) -> #DIV/0! | AR2: =AVERAGE(Tabela_2[[#All],[41 - Você já evitou colegas ou superiores por causa de desentendimentos frequentes? (Responda se já evitou colegas ou superiores por conflitos.)]]) -> #DIV/0! | AS2: =AVERAGE(Tabela_2[[#All],[42 - Você percebe rivalidade excessiva ou desnecessária entre colegas ou setores? (Responda se percebe disputas desnecessárias no trabalho.)]]) -> #DIV/0! | AT2: =AVERAGE(Tabela_2[[#All],[43 - Conflitos no trabalho costumam ser resolvidos de forma justa? (Responda se os conflitos costumam ser resolvidos de forma justa.)]]) -> #DIV/0! | AU2: =AVERAGE(Tabela_2[[#All],[44 - Você trabalha em condições (como turnos diferentes, trabalho externo ou distância física) que dificultam a comunicação no trabalho? (Responda se seu trabalho dificulta a comunicação com colegas ou líderes.)]]) -> #DIV/0! | AV2: =AVERAGE(Tabela_2[[#All],[45 - A distância física entre você e sua equipe ou liderança dificulta a troca de informações? (Responda se a distância atrapalha a troca de informações.)]]) -> #DIV/0! | AW2: =AVERAGE(Tabela_2[[#All],[46 - Você já teve dificuldade para receber informações importantes no momento certo por causa da organização do trabalho? (Responda se já recebeu informações importantes com atraso.)]]) -> #DIV/0! | AX2: =AVERAGE(Tabela_2[[#All],[47 - Você tem acesso fácil aos meios necessários para se comunicar com colegas e liderança durante o trabalho? (Responda se você tem meios adequados para se comunicar no trabalho.)]]) -> #DIV/0! | AY2: =AVERAGE(Tabela_2[[#All],[48 - Você trabalha grande parte do tempo de forma remota ou sozinho(a), com pouco contato presencial com colegas ou liderança? (Responda se você trabalha a maior parte do tempo sozinho(a) ou à distância.)]]) -> #DIV/0! | AZ2: =AVERAGE(Tabela_2[[#All],[49 - Você sente que o trabalho remoto ou isolado faz com que se sinta distante da equipe ou da empresa? (Responda se isso faz você se sentir distante da equipe ou da empresa.)]]) -> #DIV/0! | BA2: =AVERAGE(Tabela_2[[#All],[50 - Mesmo trabalhando de forma remota ou isolada, você sente que recebe apoio e acompanhamento adequados da empresa?(Responda se, mesmo à distância, você recebe apoio da empresa.)]]) -> #DIV/0! | BB2: =AVERAGE(Tabela_2[[#All],[Coluna1]]) -> #DIV/0! | BC2: =AVERAGE(Tabela_2[[#All],[Coluna2]]) -> #DIV/0! | BD2: =AVERAGE(Tabela_2[[#All],[Coluna3]]) -> #DIV/0! | BE2: =AVERAGE(Tabela_2[[#All],[Coluna4]]) -> #DIV/0! | BF2: =AVERAGE(Tabela_2[[#All],[Coluna5]]) -> #DIV/0! | BG2: =AVERAGE(Tabela_2[[#All],[Coluna6]]) -> #DIV/0! | BH2: =AVERAGE(Tabela_2[[#All],[Coluna7]]) -> #DIV/0! | BI2: =AVERAGE(Tabela_2[[#All],[Coluna8]]) -> #DIV/0! | BJ2: =AVERAGE(Tabela_2[[#All],[Coluna9]]) -> #DIV/0! | BK2: =AVERAGE(Tabela_2[[#All],[Coluna10]]) -> #DIV/0! | BL2: =AVERAGE(Tabela_2[[#All],[Coluna11]]) -> #DIV/0! | BM2: =AVERAGE(Tabela_2[[#All],[Coluna12]]) -> #DIV/0! | BN2: =AVERAGE(Tabela_2[[#All],[Coluna13]]) -> #DIV/0! | BO2: =AVERAGE(Tabela_2[[#All],[Coluna14]]) -> #DIV/0! | BP2: =AVERAGE(Tabela_2[[#All],[Coluna15]]) -> #DIV/0! | BQ2: =AVERAGE(Tabela_2[[#All],[Coluna16]]) -> #DIV/0! | BR2: =AVERAGE(Tabela_2[[#All],[Coluna17]]) -> #DIV/0! | BS2: =AVERAGE(Tabela_2[[#All],[Coluna18]]) -> #DIV/0! | BT2: =AVERAGE(Tabela_2[[#All],[Coluna19]]) -> #DIV/0! | BU2: =AVERAGE(Tabela_2[[#All],[Coluna20]]) -> #DIV/0! | BV2: =AVERAGE(Tabela_2[[#All],[Coluna21]]) -> #DIV/0! | BW2: =AVERAGE(Tabela_2[[#All],[Coluna22]]) -> #DIV/0! | BX2: =AVERAGE(Tabela_2[[#All],[Coluna23]]) -> #DIV/0! | BY2: =AVERAGE(Tabela_2[[#All],[Coluna24]]) -> #DIV/0! | BZ2: =AVERAGE(Tabela_2[[#All],[Coluna25]]) -> #DIV/0! | CA2: =AVERAGE(Tabela_2[[#All],[Coluna26]]) -> #DIV/0! | CB2: =AVERAGE(Tabela_2[[#All],[Coluna27]]) -> #DIV/0! | CC2: =AVERAGE(Tabela_2[[#All],[Coluna28]]) -> #DIV/0! | CD2: =AVERAGE(Tabela_2[[#All],[Coluna29]]) -> #DIV/0! | CE2: =AVERAGE(Tabela_2[[#All],[Coluna30]]) -> #DIV/0! | CF2: =AVERAGE(Tabela_2[[#All],[Coluna31]]) -> #DIV/0! | CG2: =AVERAGE(Tabela_2[[#All],[Coluna32]]) -> #DIV/0! | CH2: =AVERAGE(Tabela_2[[#All],[Coluna33]]) -> #DIV/0! | CI2: =AVERAGE(Tabela_2[[#All],[Coluna34]]) -> #DIV/0! | CJ2: =AVERAGE(Tabela_2[[#All],[Coluna35]]) -> #DIV/0! | CK2: =AVERAGE(Tabela_2[[#All],[Coluna36]]) -> #DIV/0! | CL2: =AVERAGE(Tabela_2[[#All],[Coluna37]]) -> #DIV/0! | CM2: =AVERAGE(Tabela_2[[#All],[Coluna38]]) -> #DIV/0! | CN2: =AVERAGE(Tabela_2[[#All],[Coluna39]]) -> #DIV/0! | CO2: =AVERAGE(Tabela_2[[#All],[Coluna40]]) -> #DIV/0!
M3: 1 | N3: 2 | W3: 2 | X3: 3 | AG3: 3 | AH3: 4 | AQ3: 4 | AR3: 5 | BA3: 5 | BB3: 6 | BK3: 6 | BL3: 7 | BU3: 7 | BV3: 8 | CE3: 8 | CF3: 9 | CO3: 9
A4: Carimbo de data/hora | B4: Qual o seu cargo/ Função? | C4: Qual o seu Setor? | D4: 01 - Você já presenciou ou sofreu comentários ofensivos, piadas ou insinuações inadequadas no ambiente de trabalho? (- Responda pensando se já presenciou ou sofreu esse tipo de situação no trabalho.) | E4: 02 - Você se sente à vontade para relatar situações de assédio moral ou sexual na empresa sem medo de represálias? (-Responda se você se sente seguro(a) para relatar situações de assédio na empresa.) | F4: 03 - Existe um canal seguro e sigiloso para denunciar assédio na empresa? (-Responda se a empresa oferece um meio seguro para denunciar assédio e outras situações) | G4: 04 - Há casos conhecidos de assédio moral ou sexual que não foram devidamente investigados ou punidos? (- Responda se você percebe que situações de assédio não são tratadas corretamente.) | H4: 05 - O RH e os gestores demonstram comprometimento real com a prevenção do assédio? (- Responda se você percebe que situações de assédio não são tratadas corretamente.) | I4: 06 - Você sente que pode contar com seus colegas em momentos de dificuldade? (-Responda se você sente que pode contar com seus colegas quando precisa.) | J4: 07 - Existe apoio da liderança para lidar com desafios relacionados ao trabalho? (Responda se seus gestores ajudam quando surgem dificuldades no trabalho.) | K4: 08 - O RH está presente e atuante quando surgem conflitos ou dificuldades no trabalho? (Responda se o RH costuma apoiar quando há conflitos ou problemas.) | L4: 09 - Os gestores promovem um ambiente saudável e respeitoso? (Responda como você avalia o comportamento dos gestores no dia a dia.) | M4: 10 - Você sente que pode expressar suas dificuldades no trabalho sem ser julgado(a)? (Responda se você se sente à vontade para falar sobre dificuldades no trabalho.) | N4: 11 - Mudanças organizacionais impactaram negativamente seu sentimento de segurança no trabalho? (Responda se mudanças na empresa afetaram sua sensação de segurança no trabalho.) | O4: 12 - Há comunicação clara sobre mudanças que afetam a empresa ou os trabalhadores? (Responda se a empresa costuma explicar bem as mudanças que acontecem.) | P4: 13 - Você já sentiu que seu emprego estava ameaçado sem explicações claras durante períodos de mudança? (Responda se já sentiu insegurança sobre seu emprego durante mudanças.) | Q4: 14 - Existe transparência na comunicação da empresa durante processos de mudança? (Responda se as mudanças são comunicadas de forma clara e aberta.) | R4: 15 - Você recebe instruções claras sobre suas responsabilidades no trabalho? (Responda se você entende bem quais são suas responsabilidades.) | S4: 16 - A comunicação da empresa ajuda você a entender o que é esperado do seu trabalho? (Responda se a empresa deixa claro o que espera do seu trabalho.) | T4: 17 - A comunicação entre equipes e setores contribui para a clareza das suas tarefas? (Responda se a comunicação entre áreas ajuda no seu trabalho.) | U4: 18 - Você se sente confortável para pedir esclarecimentos quando não entende suas funções ou prioridades? (Responda se você se sente à vontade para perguntar quando não entende algo.) | V4: 19 - Você sente que seu esforço e desempenho são reconhecidos pela liderança? (Responda se você se sente valorizado(a) pelo trabalho que realiza.) | W4: 20 - Você recebe feedback construtivo sobre o seu trabalho com regularidade? (Responda se você recebe orientações ou retornos sobre seu trabalho.) | X4: 21 - Com que Frequência Você já se sentiu desmotivado(a) por falta de reconhecimento no trabalho? (Responda se a falta de reconhecimento já te deixou desmotivado(a). | Y4: 22 - Você tem liberdade para tomar decisões sobre como executar suas tarefas diárias? (Responda se você pode sugerir melhorias ou decidir como fazer suas tarefas.) | Z4: 23 - A empresa confia na sua capacidade de organizar e gerenciar o próprio trabalho? (Responda se sente que a empresa confia na forma como você organiza seu trabalho.) | AA4: 24 - Existe excesso de controle ou burocracia que interfere no seu desempenho? (Responda se regras ou controles atrapalham seu desempenho.) | AB4: 25 - Existe excesso de supervisão que impacta negativamente na sua produtividade ou bem-estar? | AC4: 26 - Você acha justas e claras as formas que a empresa usa para avaliar o seu trabalho? (Responda se as formas de avaliar seu trabalho são claras e justas.) | AD4: 27 - Você sente que há igualdade no reconhecimento entre diferentes áreas ou equipes? (Responda se você percebe tratamento justo entre equipes ou setores.) | AE4: 28 - Você sente que há transparência nas decisões de desligamento na empresa? (Responda se a empresa é clara quando ocorrem desligamentos.) | AF4: 29 - Você já presenciou casos de demissões que considerasse injustas? (Responda se já presenciou demissões que considerou injustas.) | AG4: 30 - Você já vivenciou ou presenciou alguma situação de violência grave no trabalho (como agressão física, ameaça séria ou ataque verbal intenso)? | AH4: 31 - Você já passou por algum evento grave no trabalho (como acidente sério, situação de risco extremo ou episódio muito impactante)? Responda se já passou por situações muito graves ou perigosas no trabalho. | AI4: 32 - Alguma situação vivida no trabalho já foi tão marcante que deixou medo, choque ou forte abalo emocional? (Responda se alguma situação no trabalho já te causou forte abalo emocional.) | AJ4: 33 - Você sente que, na maior parte do tempo, tem pouco trabalho a realizar durante sua jornada? (Responda se costuma ter pouco trabalho durante sua jornada.) | AK4: 34 - Você costuma ficar com tempo ocioso no trabalho por falta de tarefas ou demandas claras? (Responda se frequentemente fica sem tarefas para realizar.) | AL4: 35 - Você sente que suas habilidades ou conhecimentos são pouco utilizados no seu trabalho? (Responda se sente que suas habilidades são pouco aproveitadas.) | AM4: 36 - Seu trabalho costuma ser pouco desafiador ou repetitivo a ponto de gerar desânimo? (Responda se o trabalho é repetitivo ou desmotivador.) | AN4: 37 - Você sente que sua carga de trabalho diária é maior do que consegue realizar dentro do horário normal? (Responda se a quantidade de trabalho é maior do que consegue realizar.) | AO4: 38 - Você frequentemente precisa fazer horas extras ou levar trabalho para casa? (Responda se costuma trabalhar além do horário normal.) | AP4: 39 - Você já teve sintomas físicos ou emocionais (como exaustão, ansiedade ou insônia) devido ao excesso de trabalho? (Responda se o excesso de trabalho já afetou sua saúde) | AQ4: 40 - A equipe é dimensionada/dividida corretamente para a demanda/quantidade de trabalho existente? (Responda se a quantidade de pessoas é suficiente para a demanda.) | AR4: 41 - Você já evitou colegas ou superiores por causa de desentendimentos frequentes? (Responda se já evitou colegas ou superiores por conflitos.) | AS4: 42 - Você percebe rivalidade excessiva ou desnecessária entre colegas ou setores? (Responda se percebe disputas desnecessárias no trabalho.) | AT4: 43 - Conflitos no trabalho costumam ser resolvidos de forma justa? (Responda se os conflitos costumam ser resolvidos de forma justa.) | AU4: 44 - Você trabalha em condições (como turnos diferentes, trabalho externo ou distância física) que dificultam a comunicação no trabalho? (Responda se seu trabalho dificulta a comunicação com colegas ou líderes.) | AV4: 45 - A distância física entre você e sua equipe ou liderança dificulta a troca de informações? (Responda se a distância atrapalha a troca de informações.) | AW4: 46 - Você já teve dificuldade para receber informações importantes no momento certo por causa da organização do trabalho? (Responda se já recebeu informações importantes com atraso.) | AX4: 47 - Você tem acesso fácil aos meios necessários para se comunicar com colegas e liderança durante o trabalho? (Responda se você tem meios adequados para se comunicar no trabalho.) | AY4: 48 - Você trabalha grande parte do tempo de forma remota ou sozinho(a), com pouco contato presencial com colegas ou liderança? (Responda se você trabalha a maior parte do tempo sozinho(a) ou à distância.) | AZ4: 49 - Você sente que o trabalho remoto ou isolado faz com que se sinta distante da equipe ou da empresa? (Responda se isso faz você se sentir distante da equipe ou da empresa.) | BA4: 50 - Mesmo trabalhando de forma remota ou isolada, você sente que recebe apoio e acompanhamento adequados da empresa?(Responda se, mesmo à distância, você recebe apoio da empresa.) | BB4: Coluna1 | BC4: Coluna2 | BD4: Coluna3 | BE4: Coluna4 | BF4: Coluna5 | BG4: Coluna6 | BH4: Coluna7 | BI4: Coluna8 | BJ4: Coluna9 | BK4: Coluna10 | BL4: Coluna11 | BM4: Coluna12 | BN4: Coluna13 | BO4: Coluna14 | BP4: Coluna15 | BQ4: Coluna16 | BR4: Coluna17 | BS4: Coluna18 | BT4: Coluna19 | BU4: Coluna20 | BV4: Coluna21 | BW4: Coluna22 | BX4: Coluna23 | BY4: Coluna24 | BZ4: Coluna25 | CA4: Coluna26 | CB4: Coluna27 | CC4: Coluna28 | CD4: Coluna29 | CE4: Coluna30 | CF4: Coluna31 | CG4: Coluna32 | CH4: Coluna33 | CI4: Coluna34 | CJ4: Coluna35 | CK4: Coluna36 | CL4: Coluna37 | CM4: Coluna38 | CN4: Coluna39 | CO4: Coluna40

Sheet Escala
D3: IMPORTANTE! | E3: Ao selecionar um setor ele Gerára em todas as abas os dados do setor.
D4: Lembre-se de Desmarcar Caso deseja ver os dados Gerais como um todo.
A7: Tópico | B7: Nº | C7: Pergunta | D7: Lógica | E7: MÉDIA | F7: Pontuação Corrigida | G7: Gravidade | H7: GravidadeNum
A8: Tópico 01 - Assédio de qualquer natureza no trabalho | B8: 1 | C8: Você já presenciou ou sofreu comentários ofensivos, piadas ou insinuações inadequadas no ambiente de trabalho? | D8: Direta | E8: =IFERROR(ROUNDUP('Dados do Forms'!D1,0),"") | F8: =IF(ISNUMBER(E8), IF(TRIM(UPPER(D8))="INVERTIDA", 4 - E8, E8), "") | G8: =IF(ISNUMBER(F8), IF(F8>=3,"Alta", IF(F8=2,"Média", IF(F8<=1,"Baixa",""))), "") | H8: =IF(G8="Alta",3,IF(G8="Média",2,IF(G8="Baixa",1,"")))
A9: Tópico 01 - Assédio de qualquer natureza no trabalho | B9: 2 | C9: Você se sente à vontade para relatar situações de assédio moral ou sexual na empresa sem medo de represálias? | D9: Invertida | E9: =IFERROR(ROUNDUP('Dados do Forms'!E1,0),"") | F9: =IF(ISNUMBER(E9), IF(TRIM(UPPER(D9))="INVERTIDA", 4 - E9, E9), "") | G9: =IF(ISNUMBER(F9), IF(F9>=3,"Alta", IF(F9=2,"Média", IF(F9<=1,"Baixa",""))), "") | H9: =IF(G9="Alta",3,IF(G9="Média",2,IF(G9="Baixa",1,"")))
A10: Tópico 01 - Assédio de qualquer natureza no trabalho | B10: 3 | C10: Existe um canal seguro e sigiloso para denunciar assédio na empresa? | D10: Invertida | E10: =IFERROR(ROUNDUP('Dados do Forms'!F1,0),"") | F10: =IF(ISNUMBER(E10), IF(D10="Invertida", 4 - E10, E10), "") | G10: =IF(ISNUMBER(F10), IF(F10>=3,"Alta", IF(F10=2,"Média", IF(F10<=1,"Baixa",""))), "") | H10: =IF(G10="Alta",3,IF(G10="Média",2,IF(G10="Baixa",1,"")))
A11: Tópico 01 - Assédio de qualquer natureza no trabalho | B11: 4 | C11: Há casos conhecidos de assédio moral ou sexual que não foram devidamente investigados ou punidos? | D11: Direta | E11: =IFERROR(ROUNDUP('Dados do Forms'!G1,0),"") | F11: =IF(ISNUMBER(E11), IF(D11="Invertida", 4 - E11, E11), "") | G11: =IF(ISNUMBER(F11), IF(F11>=3,"Alta", IF(F11=2,"Média", IF(F11<=1,"Baixa",""))), "") | H11: =IF(G11="Alta",3,IF(G11="Média",2,IF(G11="Baixa",1,"")))
A12: Tópico 01 - Assédio de qualquer natureza no trabalho | B12: 5 | C12: O RH e os gestores demonstram comprometimento real com a prevenção do assédio? | D12: Invertida | E12: =IFERROR(ROUNDUP('Dados do Forms'!H1,0),"") | F12: =IF(ISNUMBER(E12), IF(D12="Invertida", 4 - E12, E12), "") | G12: =IF(ISNUMBER(F12), IF(F12>=3,"Alta", IF(F12=2,"Média", IF(F12<=1,"Baixa",""))), "") | H12: =IF(G12="Alta",3,IF(G12="Média",2,IF(G12="Baixa",1,"")))
A13: Tópico 02 - Falta de suporte/apoio no trabalho | B13: 1 | C13: Você sente que pode contar com seus colegas em momentos de dificuldade? | D13: Invertida | E13: =IFERROR(ROUNDUP('Dados do Forms'!I1,0),"") | F13: =IF(ISNUMBER(E13), IF(D13="Invertida", 4 - E13, E13), "") | G13: =IF(ISNUMBER(F13), IF(F13>=3,"Alta", IF(F13=2,"Média", IF(F13<=1,"Baixa",""))), "") | H13: =IF(G13="Alta",3,IF(G13="Média",2,IF(G13="Baixa",1,"")))
A14: Tópico 02 - Falta de suporte/apoio no trabalho | B14: 2 | C14: Existe apoio da liderança para lidar com desafios relacionados ao trabalho? | D14: Invertida | E14: =IFERROR(ROUNDUP('Dados do Forms'!J1,0),"") | F14: =IF(ISNUMBER(E14), IF(D14="Invertida", 4 - E14, E14), "") | G14: =IF(ISNUMBER(F14), IF(F14>=3,"Alta", IF(F14=2,"Média", IF(F14<=1,"Baixa",""))), "") | H14: =IF(G14="Alta",3,IF(G14="Média",2,IF(G14="Baixa",1,"")))
A15: Tópico 02 - Falta de suporte/apoio no trabalho | B15: 3 | C15: O RH está presente e atuante quando surgem conflitos ou dificuldades no trabalho? | D15: Invertida | E15: =IFERROR(ROUNDUP('Dados do Forms'!K1,0),"") | F15: =IF(ISNUMBER(E15), IF(D15="Invertida", 4 - E15, E15), "") | G15: =IF(ISNUMBER(F15), IF(F15>=3,"Alta", IF(F15=2,"Média", IF(F15<=1,"Baixa",""))), "") | H15: =IF(G15="Alta",3,IF(G15="Média",2,IF(G15="Baixa",1,"")))
A16: Tópico 02 - Falta de suporte/apoio no trabalho | B16: 4 | C16: Os gestores promovem um ambiente saudável e respeitoso? | D16: Invertida | E16: =IFERROR(ROUNDUP('Dados do Forms'!L1,0),"") | F16: =IF(ISNUMBER(E16), IF(D16="Invertida", 4 - E16, E16), "") | G16: =IF(ISNUMBER(F16), IF(F16>=3,"Alta", IF(F16=2,"Média", IF(F16<=1,"Baixa",""))), "") | H16: =IF(G16="Alta",3,IF(G16="Média",2,IF(G16="Baixa",1,"")))
A17: Tópico 02 - Falta de suporte/apoio no trabalho | B17: 5 | C17: Você sente que pode expressar suas dificuldades no trabalho sem ser julgado(a)? | D17: Invertida | E17: =IFERROR(ROUNDUP('Dados do Forms'!M1,0),"") | F17: =IF(ISNUMBER(E17), IF(D17="Invertida", 4 - E17, E17), "") | G17: =IF(ISNUMBER(F17), IF(F17>=3,"Alta", IF(F17=2,"Média", IF(F17<=1,"Baixa",""))), "") | H17: =IF(G17="Alta",3,IF(G17="Média",2,IF(G17="Baixa",1,"")))
A18: Tópico 03 - Má gestão de mudanças organizacionais | B18: 1 | C18: Mudanças organizacionais impactaram negativamente seu sentimento de segurança no trabalho? | D18: Direta | E18: =IFERROR(ROUNDUP('Dados do Forms'!N1,0),"") | F18: =IF(ISNUMBER(E18), IF(D18="Invertida", 4 - E18, E18), "") | G18: =IF(ISNUMBER(F18), IF(F18>=3,"Alta", IF(F18=2,"Média", IF(F18<=1,"Baixa",""))), "") | H18: =IF(G18="Alta",3,IF(G18="Média",2,IF(G18="Baixa",1,"")))
A19: Tópico 03 - Má gestão de mudanças organizacionais | B19: 2 | C19: Há comunicação clara sobre mudanças que afetam a empresa ou os trabalhadores? | D19: Invertida | E19: =IFERROR(ROUNDUP('Dados do Forms'!O1,0),"") | F19: =IF(ISNUMBER(E19), IF(D19="Invertida", 4 - E19, E19), "") | G19: =IF(ISNUMBER(F19), IF(F19>=3,"Alta", IF(F19=2,"Média", IF(F19<=1,"Baixa",""))), "") | H19: =IF(G19="Alta",3,IF(G19="Média",2,IF(G19="Baixa",1,"")))
A20: Tópico 03 - Má gestão de mudanças organizacionais | B20: 3 | C20: Você já sentiu que seu emprego estava ameaçado sem explicações claras durante períodos de mudança? | D20: Direta | E20: =IFERROR(ROUNDUP('Dados do Forms'!P1,0),"") | F20: =IF(ISNUMBER(E20), IF(D20="Invertida", 4 - E20, E20), "") | G20: =IF(ISNUMBER(F20), IF(F20>=3,"Alta", IF(F20=2,"Média", IF(F20<=1,"Baixa",""))), "") | H20: =IF(G20="Alta",3,IF(G20="Média",2,IF(G20="Baixa",1,"")))
A21: Tópico 03 - Má gestão de mudanças organizacionais | B21: 4 | C21: Existe transparência na comunicação da empresa durante processos de mudança? | D21: Invertida | E21: =IFERROR(ROUNDUP('Dados do Forms'!Q1,0),"") | F21: =IF(ISNUMBER(E21), IF(D21="Invertida", 4 - E21, E21), "") | G21: =IF(ISNUMBER(F21), IF(F21>=3,"Alta", IF(F21=2,"Média", IF(F21<=1,"Baixa",""))), "") | H21: =IF(G21="Alta",3,IF(G21="Média",2,IF(G21="Baixa",1,"")))
A22: Tópico 04 - Baixa clareza de papel/função | B22: 1 | C22: Você recebe instruções claras sobre suas responsabilidades no trabalho? | D22: Invertida | E22: =IFERROR(ROUNDUP('Dados do Forms'!R1,0),"") | F22: =IF(ISNUMBER(E22), IF(D22="Invertida", 4 - E22, E22), "") | G22: =IF(ISNUMBER(F22), IF(F22>=3,"Alta", IF(F22=2,"Média", IF(F22<=1,"Baixa",""))), "") | H22: =IF(G22="Alta",3,IF(G22="Média",2,IF(G22="Baixa",1,"")))
A23: Tópico 04 - Baixa clareza de papel/função | B23: 2 | C23: A comunicação da empresa ajuda você a entender o que é esperado do seu trabalho? | D23: Invertida | E23: =IFERROR(ROUNDUP('Dados do Forms'!S1,0),"") | F23: =IF(ISNUMBER(E23), IF(D23="Invertida", 4 - E23, E23), "") | G23: =IF(ISNUMBER(F23), IF(F23>=3,"Alta", IF(F23=2,"Média", IF(F23<=1,"Baixa",""))), "") | H23: =IF(G23="Alta",3,IF(G23="Média",2,IF(G23="Baixa",1,"")))
A24: Tópico 04 - Baixa clareza de papel/função | B24: 3 | C24: A comunicação entre equipes e setores contribui para a clareza das suas tarefas? | D24: Invertida | E24: =IFERROR(ROUNDUP('Dados do Forms'!T1,0),"") | F24: =IF(ISNUMBER(E24), IF(D24="Invertida", 4 - E24, E24), "") | G24: =IF(ISNUMBER(F24), IF(F24>=3,"Alta", IF(F24=2,"Média", IF(F24<=1,"Baixa",""))), "") | H24: =IF(G24="Alta",3,IF(G24="Média",2,IF(G24="Baixa",1,"")))
A25: Tópico 04 - Baixa clareza de papel/função | B25: 4 | C25: Você se sente confortável para pedir esclarecimentos quando não entende suas funções ou prioridades? | D25: Invertida | E25: =IFERROR(ROUNDUP('Dados do Forms'!U1,0),"") | F25: =IF(ISNUMBER(E25), IF(D25="Invertida", 4 - E25, E25), "") | G25: =IF(ISNUMBER(F25), IF(F25>=3,"Alta", IF(F25=2,"Média", IF(F25<=1,"Baixa",""))), "") | H25: =IF(G25="Alta",3,IF(G25="Média",2,IF(G25="Baixa",1,"")))
A26: Tópico 05 - Baixas recompensas e reconhecimento | B26: 1 | C26: Você sente que seu esforço e desempenho são reconhecidos pela liderança? | D26: Invertida | E26: =IFERROR(ROUNDUP('Dados do Forms'!V1,0),"") | F26: =IF(ISNUMBER(E26), IF(D26="Invertida", 4 - E26, E26), "") | G26: =IF(ISNUMBER(F26), IF(F26>=3,"Alta", IF(F26=2,"Média", IF(F26<=1,"Baixa",""))), "") | H26: =IF(G26="Alta",3,IF(G26="Média",2,IF(G26="Baixa",1,"")))
A27: Tópico 05 - Baixas recompensas e reconhecimento | B27: 2 | C27: Você recebe feedback construtivo sobre o seu trabalho com regularidade? | D27: Invertida | E27: =IFERROR(ROUNDUP('Dados do Forms'!W1,0),"") | F27: =IF(ISNUMBER(E27), IF(D27="Invertida", 4 - E27, E27), "") | G27: =IF(ISNUMBER(F27), IF(F27>=3,"Alta", IF(F27=2,"Média", IF(F27<=1,"Baixa",""))), "") | H27: =IF(G27="Alta",3,IF(G27="Média",2,IF(G27="Baixa",1,"")))
A28: Tópico 05 - Baixas recompensas e reconhecimento | B28: 3 | C28: Você já se sentiu desmotivado(a) por falta de reconhecimento no trabalho? | D28: Direta | E28: =IFERROR(ROUNDUP('Dados do Forms'!X1,0),"") | F28: =IF(ISNUMBER(E28), IF(D28="Invertida", 4 - E28, E28), "") | G28: =IF(ISNUMBER(F28), IF(F28>=3,"Alta", IF(F28=2,"Média", IF(F28<=1,"Baixa",""))), "") | H28: =IF(G28="Alta",3,IF(G28="Média",2,IF(G28="Baixa",1,"")))
A29: Tópico 06 - Baixo controle no trabalho / Falta de autonomia | B29: 1 | C29: Você tem liberdade para tomar decisões sobre como executar suas tarefas diárias? | D29: Invertida | E29: =IFERROR(ROUNDUP('Dados do Forms'!Y1,0),"") | F29: =IF(ISNUMBER(E29), IF(D29="Invertida", 4 - E29, E29), "") | G29: =IF(ISNUMBER(F29), IF(F29>=3,"Alta", IF(F29=2,"Média", IF(F29<=1,"Baixa",""))), "") | H29: =IF(G29="Alta",3,IF(G29="Média",2,IF(G29="Baixa",1,"")))
A30: Tópico 06 - Baixo controle no trabalho / Falta de autonomia | B30: 2 | C30: A empresa confia na sua capacidade de organizar e gerenciar o próprio trabalho? | D30: Invertida | E30: =IFERROR(ROUNDUP('Dados do Forms'!Z1,0),"") | F30: =IF(ISNUMBER(E30), IF(D30="Invertida", 4 - E30, E30), "") | G30: =IF(ISNUMBER(F30), IF(F30>=3,"Alta", IF(F30=2,"Média", IF(F30<=1,"Baixa",""))), "") | H30: =IF(G30="Alta",3,IF(G30="Média",2,IF(G30="Baixa",1,"")))
A31: Tópico 06 - Baixo controle no trabalho / Falta de autonomia | B31: 3 | C31: O excesso de controle ou burocracia interfere no seu desempenho? | D31: Direta | E31: =IFERROR(ROUNDUP('Dados do Forms'!AA1,0),"") | F31: =IF(ISNUMBER(E31), IF(D31="Invertida", 4 - E31, E31), "") | G31: =IF(ISNUMBER(F31), IF(F31>=3,"Alta", IF(F31=2,"Média", IF(F31<=1,"Baixa",""))), "") | H31: =IF(G31="Alta",3,IF(G31="Média",2,IF(G31="Baixa",1,"")))
A32: Tópico 06 - Baixo controle no trabalho / Falta de autonomia | B32: 4 | C32: Existe excesso de supervisão que impacte negativamente sua produtividade ou bem-estar? | D32: Direta | E32: =IFERROR(ROUNDUP('Dados do Forms'!AB1,0),"") | F32: =IF(ISNUMBER(E32), IF(D32="Invertida", 4 - E32, E32), "") | G32: =IF(ISNUMBER(F32), IF(F32>=3,"Alta", IF(F32=2,"Média", IF(F32<=1,"Baixa",""))), "") | H32: =IF(G32="Alta",3,IF(G32="Média",2,IF(G32="Baixa",1,"")))
A33: Tópico 07 - Baixa justiça organizacional | B33: 1 | C33: Você acha justas e claras as formas que a empresa usa para avaliar o seu trabalho? | D33: Invertida | E33: =IFERROR(ROUNDUP('Dados do Forms'!AC1,0),"") | F33: =IF(ISNUMBER(E33), IF(D33="Invertida", 4 - E33, E33), "") | G33: =IF(ISNUMBER(F33), IF(F33>=3,"Alta", IF(F33=2,"Média", IF(F33<=1,"Baixa",""))), "") | H33: =IF(G33="Alta",3,IF(G33="Média",2,IF(G33="Baixa",1,"")))
A34: Tópico 07 - Baixa justiça organizacional | B34: 2 | C34: Você sente que há igualdade no reconhecimento entre diferentes áreas ou equipes? | D34: Invertida | E34: =IFERROR(ROUNDUP('Dados do Forms'!AD1,0),"") | F34: =IF(ISNUMBER(E34), IF(D34="Invertida", 4 - E34, E34), "") | G34: =IF(ISNUMBER(F34), IF(F34>=3,"Alta", IF(F34=2,"Média", IF(F34<=1,"Baixa",""))), "") | H34: =IF(G34="Alta",3,IF(G34="Média",2,IF(G34="Baixa",1,"")))
A35: Tópico 07 - Baixa justiça organizacional | B35: 3 | C35: Você sente que há transparência nas decisões de desligamento na empresa? | D35: Invertida | E35: =IFERROR(ROUNDUP('Dados do Forms'!AE1,0),"") | F35: =IF(ISNUMBER(E35), IF(D35="Invertida", 4 - E35, E35), "") | G35: =IF(ISNUMBER(F35), IF(F35>=3,"Alta", IF(F35=2,"Média", IF(F35<=1,"Baixa",""))), "") | H35: =IF(G35="Alta",3,IF(G35="Média",2,IF(G35="Baixa",1,"")))
A36: Tópico 07 - Baixa justiça organizacional | B36: 4 | C36: Você já presenciou casos de demissões injustas? | D36: Direta | E36: =IFERROR(ROUNDUP('Dados do Forms'!AF1,0),"") | F36: =IF(ISNUMBER(E36), IF(D36="Invertida", 4 - E36, E36), "") | G36: =IF(ISNUMBER(F36), IF(F36>=3,"Alta", IF(F36=2,"Média", IF(F36<=1,"Baixa",""))), "") | H36: =IF(G36="Alta",3,IF(G36="Média",2,IF(G36="Baixa",1,"")))
A37: Tópico 08 - Eventos violentos ou traumáticos | B37: 1 | C37: Você já vivenciou ou presenciou alguma situação de violência grave no trabalho (como agressão física, ameaça séria ou ataque verbal intenso)? | D37: Direta | E37: =IFERROR(ROUNDUP('Dados do Forms'!AG1,0),"") | F37: =IF(ISNUMBER(E37), IF(D37="Invertida", 4 - E37, E37), "") | G37: =IF(ISNUMBER(F37), IF(F37>=3,"Alta", IF(F37=2,"Média", IF(F37<=1,"Baixa",""))), "") | H37: =IF(G37="Alta",3,IF(G37="Média",2,IF(G37="Baixa",1,"")))
A38: Tópico 08 - Eventos violentos ou traumáticos | B38: 2 | C38: Você já passou por algum evento grave no trabalho (como acidente sério, situação de risco extremo ou episódio muito impactante)? | D38: Direta | E38: =IFERROR(ROUNDUP('Dados do Forms'!AH1,0),"") | F38: =IF(ISNUMBER(E38), IF(D38="Invertida", 4 - E38, E38), "") | G38: =IF(ISNUMBER(F38), IF(F38>=3,"Alta", IF(F38=2,"Média", IF(F38<=1,"Baixa",""))), "") | H38: =IF(G38="Alta",3,IF(G38="Média",2,IF(G38="Baixa",1,"")))
A39: Tópico 08 - Eventos violentos ou traumáticos | B39: 3 | C39: Alguma situação vivida no trabalho já foi tão marcante que deixou medo, choque ou forte abalo emocional? | D39: Direta | E39: =IFERROR(ROUNDUP('Dados do Forms'!AI1,0),"") | F39: =IF(ISNUMBER(E39), IF(D39="Invertida", 4 - E39, E39), "") | G39: =IF(ISNUMBER(F39), IF(F39>=3,"Alta", IF(F39=2,"Média", IF(F39<=1,"Baixa",""))), "") | H39: =IF(G39="Alta",3,IF(G39="Média",2,IF(G39="Baixa",1,"")))
A40: Tópico 09 - Baixa demanda no trabalho (Subcarga) | B40: 1 | C40: Você sente que, na maior parte do tempo, tem pouco trabalho a realizar durante sua jornada? | D40: Direta | E40: =IFERROR(ROUNDUP('Dados do Forms'!AJ1,0),"") | F40: =IF(ISNUMBER(E40), IF(D40="Invertida", 4 - E40, E40), "") | G40: =IF(ISNUMBER(F40), IF(F40>=3,"Alta", IF(F40=2,"Média", IF(F40<=1,"Baixa",""))), "") | H40: =IF(G40="Alta",3,IF(G40="Média",2,IF(G40="Baixa",1,"")))
A41: Tópico 09 - Baixa demanda no trabalho (Subcarga) | B41: 2 | C41: Você costuma ficar com tempo ocioso no trabalho por falta de tarefas ou demandas claras? | D41: Direta | E41: =IFERROR(ROUNDUP('Dados do Forms'!AK1,0),"") | F41: =IF(ISNUMBER(E41), IF(D41="Invertida", 4 - E41, E41), "") | G41: =IF(ISNUMBER(F41), IF(F41>=3,"Alta", IF(F41=2,"Média", IF(F41<=1,"Baixa",""))), "") | H41: =IF(G41="Alta",3,IF(G41="Média",2,IF(G41="Baixa",1,"")))
A42: Tópico 09 - Baixa demanda no trabalho (Subcarga) | B42: 3 | C42: Você sente que suas habilidades ou conhecimentos são pouco utilizados no seu trabalho? | D42: Direta | E42: =IFERROR(ROUNDUP('Dados do Forms'!AL1,0),"") | F42: =IF(ISNUMBER(E42), IF(D42="Invertida", 4 - E42, E42), "") | G42: =IF(ISNUMBER(F42), IF(F42>=3,"Alta", IF(F42=2,"Média", IF(F42<=1,"Baixa",""))), "") | H42: =IF(G42="Alta",3,IF(G42="Média",2,IF(G42="Baixa",1,"")))
A43: Tópico 09 - Baixa demanda no trabalho (Subcarga) | B43: 4 | C43: Seu trabalho costuma ser pouco desafiador ou repetitivo a ponto de gerar desânimo? | D43: Direta | E43: =IFERROR(ROUNDUP('Dados do Forms'!AM1,0),"") | F43: =IF(ISNUMBER(E43), IF(D43="Invertida", 4 - E43, E43), "") | G43: =IF(ISNUMBER(F43), IF(F43>=3,"Alta", IF(F43=2,"Média", IF(F43<=1,"Baixa",""))), "") | H43: =IF(G43="Alta",3,IF(G43="Média",2,IF(G43="Baixa",1,"")))
A44: Tópico 10 - Excesso de demandas no trabalho (Sobrecarga) | B44: 1 | C44: Você sente que sua carga de trabalho diária é maior do que consegue realizar dentro do horário normal? | D44: Direta | E44: =IFERROR(ROUNDUP('Dados do Forms'!AN1,0),"") | F44: =IF(ISNUMBER(E44), IF(D44="Invertida", 4 - E44, E44), "") | G44: =IF(ISNUMBER(F44), IF(F44>=3,"Alta", IF(F44=2,"Média", IF(F44<=1,"Baixa",""))), "") | H44: =IF(G44="Alta",3,IF(G44="Média",2,IF(G44="Baixa",1,"")))
A45: Tópico 10 - Excesso de demandas no trabalho (Sobrecarga) | B45: 2 | C45: Você frequentemente precisa fazer horas extras ou levar trabalho para casa? | D45: Direta | E45: =IFERROR(ROUNDUP('Dados do Forms'!AO1,0),"") | F45: =IF(ISNUMBER(E45), IF(D45="Invertida", 4 - E45, E45), "") | G45: =IF(ISNUMBER(F45), IF(F45>=3,"Alta", IF(F45=2,"Média", IF(F45<=1,"Baixa",""))), "") | H45: =IF(G45="Alta",3,IF(G45="Média",2,IF(G45="Baixa",1,"")))
A46: Tópico 10 - Excesso de demandas no trabalho (Sobrecarga) | B46: 3 | C46: Você já teve sintomas físicos ou emocionais (como exaustão, ansiedade ou insônia) devido ao excesso de trabalho? | D46: Direta | E46: =IFERROR(ROUNDUP('Dados do Forms'!AP1,0),"") | F46: =IF(ISNUMBER(E46), IF(D46="Invertida", 4 - E46, E46), "") | G46: =IF(ISNUMBER(F46), IF(F46>=3,"Alta", IF(F46=2,"Média", IF(F46<=1,"Baixa",""))), "") | H46: =IF(G46="Alta",3,IF(G46="Média",2,IF(G46="Baixa",1,"")))
A47: Tópico 10 - Excesso de demandas no trabalho (Sobrecarga) | B47: 4 | C47: A equipe é dimensionada corretamente para a demanda de trabalho existente? | D47: Invertida | E47: =IFERROR(ROUNDUP('Dados do Forms'!AQ1,0),"") | F47: =IF(ISNUMBER(E47), IF(D47="Invertida", 4 - E47, E47), "") | G47: =IF(ISNUMBER(F47), IF(F47>=3,"Alta", IF(F47=2,"Média", IF(F47<=1,"Baixa",""))), "") | H47: =IF(G47="Alta",3,IF(G47="Média",2,IF(G47="Baixa",1,"")))
A48: Tópico 11 - Maus relacionamentos no local de trabalho | B48: 1 | C48: Você já evitou colegas ou superiores por causa de desentendimentos frequentes? | D48: Direta | E48: =IFERROR(ROUNDUP('Dados do Forms'!AR1,0),"") | F48: =IF(ISNUMBER(E48), IF(D48="Invertida", 4 - E48, E48), "") | G48: =IF(ISNUMBER(F48), IF(F48>=3,"Alta", IF(F48=2,"Média", IF(F48<=1,"Baixa",""))), "") | H48: =IF(G48="Alta",3,IF(G48="Média",2,IF(G48="Baixa",1,"")))
A49: Tópico 11 - Maus relacionamentos no local de trabalho | B49: 2 | C49: Você percebe rivalidade excessiva ou desnecessária entre colegas ou setores? | D49: Direta | E49: =IFERROR(ROUNDUP('Dados do Forms'!AS1,0),"") | F49: =IF(ISNUMBER(E49), IF(D49="Invertida", 4 - E49, E49), "") | G49: =IF(ISNUMBER(F49), IF(F49>=3,"Alta", IF(F49=2,"Média", IF(F49<=1,"Baixa",""))), "") | H49: =IF(G49="Alta",3,IF(G49="Média",2,IF(G49="Baixa",1,"")))
A50: Tópico 11 - Maus relacionamentos no local de trabalho | B50: 3 | C50: Conflitos no trabalho costumam ser resolvidos de forma justa? | D50: Invertida | E50: =IFERROR(ROUNDUP('Dados do Forms'!AT1,0),"") | F50: =IF(ISNUMBER(E50), IF(D50="Invertida", 4 - E50, E50), "") | G50: =IF(ISNUMBER(F50), IF(F50>=3,"Alta", IF(F50=2,"Média", IF(F50<=1,"Baixa",""))), "") | H50: =IF(G50="Alta",3,IF(G50="Média",2,IF(G50="Baixa",1,"")))
A51: Tópico 12 - Trabalho em condições de difícil comunicação | B51: 4 | C51: Você trabalha em condições (como turnos diferentes, trabalho externo ou distância física) que dificultam a comunicação no trabalho? | D51: Direta | E51: =IFERROR(ROUNDUP('Dados do Forms'!AU1,0),"") | F51: =IF(ISNUMBER(E51), IF(D51="Invertida", 4 - E51, E51), "") | G51: =IF(ISNUMBER(F51), IF(F51>=3,"Alta", IF(F51=2,"Média", IF(F51<=1,"Baixa",""))), "") | H51: =IF(G51="Alta",3,IF(G51="Média",2,IF(G51="Baixa",1,"")))
A52: Tópico 12 - Trabalho em condições de difícil comunicação | B52: 5 | C52: A distância física entre você e sua equipe ou liderança dificulta a troca de informações? | D52: Direta | E52: =IFERROR(ROUNDUP('Dados do Forms'!AV1,0),"") | F52: =IF(ISNUMBER(E52), IF(D52="Invertida", 4 - E52, E52), "") | G52: =IF(ISNUMBER(F52), IF(F52>=3,"Alta", IF(F52=2,"Média", IF(F52<=1,"Baixa",""))), "") | H52: =IF(G52="Alta",3,IF(G52="Média",2,IF(G52="Baixa",1,"")))
A53: Tópico 12 - Trabalho em condições de difícil comunicação | B53: 6 | C53: Você já teve dificuldade para receber informações importantes no momento certo por causa da organização do trabalho? | D53: Direta | E53: =IFERROR(ROUNDUP('Dados do Forms'!AW1,0),"") | F53: =IF(ISNUMBER(E53), IF(D53="Invertida", 4 - E53, E53), "") | G53: =IF(ISNUMBER(F53), IF(F53>=3,"Alta", IF(F53=2,"Média", IF(F53<=1,"Baixa",""))), "") | H53: =IF(G53="Alta",3,IF(G53="Média",2,IF(G53="Baixa",1,"")))
A54: Tópico 12 - Trabalho em condições de difícil comunicação | B54: 7 | C54: Você tem acesso fácil aos meios necessários para se comunicar com colegas e liderança durante o trabalho? | D54: Invertida | E54: =IFERROR(ROUNDUP('Dados do Forms'!AX1,0),"") | F54: =IF(ISNUMBER(E54), IF(D54="Invertida", 4 - E54, E54), "") | G54: =IF(ISNUMBER(F54), IF(F54>=3,"Alta", IF(F54=2,"Média", IF(F54<=1,"Baixa",""))), "") | H54: =IF(G54="Alta",3,IF(G54="Média",2,IF(G54="Baixa",1,"")))
A55: Tópico 13 - Trabalho remoto e isolado | B55: 1 | C55: Você trabalha grande parte do tempo de forma remota ou sozinho(a), com pouco contato presencial com colegas ou liderança? | D55: Direta | E55: =IFERROR(ROUNDUP('Dados do Forms'!AY1,0),"") | F55: =IF(ISNUMBER(E55), IF(D55="Invertida", 4 - E55, E55), "") | G55: =IF(ISNUMBER(F55), IF(F55>=3,"Alta", IF(F55=2,"Média", IF(F55<=1,"Baixa",""))), "") | H55: =IF(G55="Alta",3,IF(G55="Média",2,IF(G55="Baixa",1,"")))
A56: Tópico 13 - Trabalho remoto e isolado | B56: 2 | C56: Você sente que o trabalho remoto ou isolado faz com que se sinta distante da equipe ou da empresa? | D56: Direta | E56: =IFERROR(ROUNDUP('Dados do Forms'!AZ1,0),"") | F56: =IF(ISNUMBER(E56), IF(D56="Invertida", 4 - E56, E56), "") | G56: =IF(ISNUMBER(F56), IF(F56>=3,"Alta", IF(F56=2,"Média", IF(F56<=1,"Baixa",""))), "") | H56: =IF(G56="Alta",3,IF(G56="Média",2,IF(G56="Baixa",1,"")))
A57: Tópico 13 - Trabalho remoto e isolado | B57: 3 | C57: Se Você trabalha de forma remota ou isolada, você sente que recebe apoio e acompanhamento adequados da empresa? | D57: Invertida | E57: =IFERROR(ROUNDUP('Dados do Forms'!BA1,0),"") | F57: =IF(ISNUMBER(E57), IF(D57="Invertida", 4 - E57, E57), "") | G57: =IF(ISNUMBER(F57), IF(F57>=3,"Alta", IF(F57=2,"Média", IF(F57<=1,"Baixa",""))), "") | H57: =IF(G57="Alta",3,IF(G57="Média",2,IF(G57="Baixa",1,"")))
E58: =IFERROR(ROUNDUP('Dados do Forms'!BB1,0),"") | F58: =IF(ISNUMBER(E58), IF(D58="Invertida", 4 - E58, E58), "") | G58: =IF(ISNUMBER(F58), IF(F58>=3,"Alta", IF(F58=2,"Média", IF(F58<=1,"Baixa",""))), "") | H58: =IF(G58="Alta",3,IF(G58="Média",2,IF(G58="Baixa",1,"")))
E59: =IFERROR(ROUNDUP('Dados do Forms'!BC1,0),"") | F59: =IF(ISNUMBER(E59), IF(D59="Invertida", 4 - E59, E59), "") | G59: =IF(ISNUMBER(F59), IF(F59>=3,"Alta", IF(F59=2,"Média", IF(F59<=1,"Baixa",""))), "") | H59: =IF(G59="Alta",3,IF(G59="Média",2,IF(G59="Baixa",1,"")))
E60: =IFERROR(ROUNDUP('Dados do Forms'!BD1,0),"") | F60: =IF(ISNUMBER(E60), IF(D60="Invertida", 4 - E60, E60), "") | G60: =IF(ISNUMBER(F60), IF(F60>=3,"Alta", IF(F60=2,"Média", IF(F60<=1,"Baixa",""))), "") | H60: =IF(G60="Alta",3,IF(G60="Média",2,IF(G60="Baixa",1,"")))
E61: =IFERROR(ROUNDUP('Dados do Forms'!BE1,0),"") | F61: =IF(ISNUMBER(E61), IF(D61="Invertida", 4 - E61, E61), "") | G61: =IF(ISNUMBER(F61), IF(F61>=3,"Alta", IF(F61=2,"Média", IF(F61<=1,"Baixa",""))), "") | H61: =IF(G61="Alta",3,IF(G61="Média",2,IF(G61="Baixa",1,"")))
E62: =IFERROR(ROUNDUP('Dados do Forms'!BF1,0),"") | F62: =IF(ISNUMBER(E62), IF(D62="Invertida", 4 - E62, E62), "") | G62: =IF(ISNUMBER(F62), IF(F62>=3,"Alta", IF(F62=2,"Média", IF(F62<=1,"Baixa",""))), "") | H62: =IF(G62="Alta",3,IF(G62="Média",2,IF(G62="Baixa",1,"")))
E63: =IFERROR(ROUNDUP('Dados do Forms'!BG1,0),"") | F63: =IF(ISNUMBER(E63), IF(D63="Invertida", 4 - E63, E63), "") | G63: =IF(ISNUMBER(F63), IF(F63>=3,"Alta", IF(F63=2,"Média", IF(F63<=1,"Baixa",""))), "") | H63: =IF(G63="Alta",3,IF(G63="Média",2,IF(G63="Baixa",1,"")))
E64: =IFERROR(ROUNDUP('Dados do Forms'!BH1,0),"") | F64: =IF(ISNUMBER(E64), IF(D64="Invertida", 4 - E64, E64), "") | G64: =IF(ISNUMBER(F64), IF(F64>=3,"Alta", IF(F64=2,"Média", IF(F64<=1,"Baixa",""))), "") | H64: =IF(G64="Alta",3,IF(G64="Média",2,IF(G64="Baixa",1,"")))
E65: =IFERROR(ROUNDUP('Dados do Forms'!BI1,0),"") | F65: =IF(ISNUMBER(E65), IF(D65="Invertida", 4 - E65, E65), "") | G65: =IF(ISNUMBER(F65), IF(F65>=3,"Alta", IF(F65=2,"Média", IF(F65<=1,"Baixa",""))), "") | H65: =IF(G65="Alta",3,IF(G65="Média",2,IF(G65="Baixa",1,"")))
E66: =IFERROR(ROUNDUP('Dados do Forms'!BJ1,0),"") | F66: =IF(ISNUMBER(E66), IF(D66="Invertida", 4 - E66, E66), "") | G66: =IF(ISNUMBER(F66), IF(F66>=3,"Alta", IF(F66=2,"Média", IF(F66<=1,"Baixa",""))), "") | H66: =IF(G66="Alta",3,IF(G66="Média",2,IF(G66="Baixa",1,"")))
E67: =IFERROR(ROUNDUP('Dados do Forms'!BK1,0),"") | F67: =IF(ISNUMBER(E67), IF(D67="Invertida", 4 - E67, E67), "") | G67: =IF(ISNUMBER(F67), IF(F67>=3,"Alta", IF(F67=2,"Média", IF(F67<=1,"Baixa",""))), "") | H67: =IF(G67="Alta",3,IF(G67="Média",2,IF(G67="Baixa",1,"")))
E68: =IFERROR(ROUNDUP('Dados do Forms'!BL1,0),"") | F68: =IF(ISNUMBER(E68), IF(D68="Invertida", 4 - E68, E68), "") | G68: =IF(ISNUMBER(F68), IF(F68>=3,"Alta", IF(F68=2,"Média", IF(F68<=1,"Baixa",""))), "") | H68: =IF(G68="Alta",3,IF(G68="Média",2,IF(G68="Baixa",1,"")))
E69: =IFERROR(ROUNDUP('Dados do Forms'!BM1,0),"") | F69: =IF(ISNUMBER(E69), IF(D69="Invertida", 4 - E69, E69), "") | G69: =IF(ISNUMBER(F69), IF(F69>=3,"Alta", IF(F69=2,"Média", IF(F69<=1,"Baixa",""))), "") | H69: =IF(G69="Alta",3,IF(G69="Média",2,IF(G69="Baixa",1,"")))
E70: =IFERROR(ROUNDUP('Dados do Forms'!BN1,0),"") | F70: =IF(ISNUMBER(E70), IF(D70="Invertida", 4 - E70, E70), "") | G70: =IF(ISNUMBER(F70), IF(F70>=3,"Alta", IF(F70=2,"Média", IF(F70<=1,"Baixa",""))), "") | H70: =IF(G70="Alta",3,IF(G70="Média",2,IF(G70="Baixa",1,"")))
E71: =IFERROR(ROUNDUP('Dados do Forms'!BO1,0),"") | F71: =IF(ISNUMBER(E71), IF(D71="Invertida", 4 - E71, E71), "") | G71: =IF(ISNUMBER(F71), IF(F71>=3,"Alta", IF(F71=2,"Média", IF(F71<=1,"Baixa",""))), "") | H71: =IF(G71="Alta",3,IF(G71="Média",2,IF(G71="Baixa",1,"")))
E72: =IFERROR(ROUNDUP('Dados do Forms'!BP1,0),"") | F72: =IF(ISNUMBER(E72), IF(D72="Invertida", 4 - E72, E72), "") | G72: =IF(ISNUMBER(F72), IF(F72>=3,"Alta", IF(F72=2,"Média", IF(F72<=1,"Baixa",""))), "") | H72: =IF(G72="Alta",3,IF(G72="Média",2,IF(G72="Baixa",1,"")))
E73: =IFERROR(ROUNDUP('Dados do Forms'!BQ1,0),"") | F73: =IF(ISNUMBER(E73), IF(D73="Invertida", 4 - E73, E73), "") | G73: =IF(ISNUMBER(F73), IF(F73>=3,"Alta", IF(F73=2,"Média", IF(F73<=1,"Baixa",""))), "") | H73: =IF(G73="Alta",3,IF(G73="Média",2,IF(G73="Baixa",1,"")))
E74: =IFERROR(ROUNDUP('Dados do Forms'!BR1,0),"") | F74: =IF(ISNUMBER(E74), IF(D74="Invertida", 4 - E74, E74), "") | G74: =IF(ISNUMBER(F74), IF(F74>=3,"Alta", IF(F74=2,"Média", IF(F74<=1,"Baixa",""))), "") | H74: =IF(G74="Alta",3,IF(G74="Média",2,IF(G74="Baixa",1,"")))
E75: =IFERROR(ROUNDUP('Dados do Forms'!BS1,0),"") | F75: =IF(ISNUMBER(E75), IF(D75="Invertida", 4 - E75, E75), "") | G75: =IF(ISNUMBER(F75), IF(F75>=3,"Alta", IF(F75=2,"Média", IF(F75<=1,"Baixa",""))), "") | H75: =IF(G75="Alta",3,IF(G75="Média",2,IF(G75="Baixa",1,"")))
E76: =IFERROR(ROUNDUP('Dados do Forms'!BT1,0),"") | F76: =IF(ISNUMBER(E76), IF(D76="Invertida", 4 - E76, E76), "") | G76: =IF(ISNUMBER(F76), IF(F76>=3,"Alta", IF(F76=2,"Média", IF(F76<=1,"Baixa",""))), "") | H76: =IF(G76="Alta",3,IF(G76="Média",2,IF(G76="Baixa",1,"")))
E77: =IFERROR(ROUNDUP('Dados do Forms'!BU1,0),"") | F77: =IF(ISNUMBER(E77), IF(D77="Invertida", 4 - E77, E77), "") | G77: =IF(ISNUMBER(F77), IF(F77>=3,"Alta", IF(F77=2,"Média", IF(F77<=1,"Baixa",""))), "") | H77: =IF(G77="Alta",3,IF(G77="Média",2,IF(G77="Baixa",1,"")))
E78: =IFERROR(ROUNDUP('Dados do Forms'!BV1,0),"") | F78: =IF(ISNUMBER(E78), IF(D78="Invertida", 4 - E78, E78), "") | G78: =IF(ISNUMBER(F78), IF(F78>=3,"Alta", IF(F78=2,"Média", IF(F78<=1,"Baixa",""))), "") | H78: =IF(G78="Alta",3,IF(G78="Média",2,IF(G78="Baixa",1,"")))
E79: =IFERROR(ROUNDUP('Dados do Forms'!BW1,0),"") | F79: =IF(ISNUMBER(E79), IF(D79="Invertida", 4 - E79, E79), "") | G79: =IF(ISNUMBER(F79), IF(F79>=3,"Alta", IF(F79=2,"Média", IF(F79<=1,"Baixa",""))), "") | H79: =IF(G79="Alta",3,IF(G79="Média",2,IF(G79="Baixa",1,"")))
E80: =IFERROR(ROUNDUP('Dados do Forms'!BX1,0),"") | F80: =IF(ISNUMBER(E80), IF(D80="Invertida", 4 - E80, E80), "") | G80: =IF(ISNUMBER(F80), IF(F80>=3,"Alta", IF(F80=2,"Média", IF(F80<=1,"Baixa",""))), "") | H80: =IF(G80="Alta",3,IF(G80="Média",2,IF(G80="Baixa",1,"")))
E81: =IFERROR(ROUNDUP('Dados do Forms'!BY1,0),"") | F81: =IF(ISNUMBER(E81), IF(D81="Invertida", 4 - E81, E81), "") | G81: =IF(ISNUMBER(F81), IF(F81>=3,"Alta", IF(F81=2,"Média", IF(F81<=1,"Baixa",""))), "") | H81: =IF(G81="Alta",3,IF(G81="Média",2,IF(G81="Baixa",1,"")))
E82: =IFERROR(ROUNDUP('Dados do Forms'!BZ1,0),"") | F82: =IF(ISNUMBER(E82), IF(D82="Invertida", 4 - E82, E82), "") | G82: =IF(ISNUMBER(F82), IF(F82>=3,"Alta", IF(F82=2,"Média", IF(F82<=1,"Baixa",""))), "") | H82: =IF(G82="Alta",3,IF(G82="Média",2,IF(G82="Baixa",1,"")))
E83: =IFERROR(ROUNDUP('Dados do Forms'!CA1,0),"") | F83: =IF(ISNUMBER(E83), IF(D83="Invertida", 4 - E83, E83), "") | G83: =IF(ISNUMBER(F83), IF(F83>=3,"Alta", IF(F83=2,"Média", IF(F83<=1,"Baixa",""))), "") | H83: =IF(G83="Alta",3,IF(G83="Média",2,IF(G83="Baixa",1,"")))
E84: =IFERROR(ROUNDUP('Dados do Forms'!CB1,0),"") | F84: =IF(ISNUMBER(E84), IF(D84="Invertida", 4 - E84, E84), "") | G84: =IF(ISNUMBER(F84), IF(F84>=3,"Alta", IF(F84=2,"Média", IF(F84<=1,"Baixa",""))), "") | H84: =IF(G84="Alta",3,IF(G84="Média",2,IF(G84="Baixa",1,"")))
E85: =IFERROR(ROUNDUP('Dados do Forms'!CC1,0),"") | F85: =IF(ISNUMBER(E85), IF(D85="Invertida", 4 - E85, E85), "") | G85: =IF(ISNUMBER(F85), IF(F85>=3,"Alta", IF(F85=2,"Média", IF(F85<=1,"Baixa",""))), "") | H85: =IF(G85="Alta",3,IF(G85="Média",2,IF(G85="Baixa",1,"")))
E86: =IFERROR(ROUNDUP('Dados do Forms'!CD1,0),"") | F86: =IF(ISNUMBER(E86), IF(D86="Invertida", 4 - E86, E86), "") | G86: =IF(ISNUMBER(F86), IF(F86>=3,"Alta", IF(F86=2,"Média", IF(F86<=1,"Baixa",""))), "") | H86: =IF(G86="Alta",3,IF(G86="Média",2,IF(G86="Baixa",1,"")))
E87: =IFERROR(ROUNDUP('Dados do Forms'!CE1,0),"") | F87: =IF(ISNUMBER(E87), IF(D87="Invertida", 4 - E87, E87), "") | G87: =IF(ISNUMBER(F87), IF(F87>=3,"Alta", IF(F87=2,"Média", IF(F87<=1,"Baixa",""))), "") | H87: =IF(G87="Alta",3,IF(G87="Média",2,IF(G87="Baixa",1,"")))
E88: =IFERROR(ROUNDUP('Dados do Forms'!CF1,0),"") | F88: =IF(ISNUMBER(E88), IF(D88="Invertida", 4 - E88, E88), "") | G88: =IF(ISNUMBER(F88), IF(F88>=3,"Alta", IF(F88=2,"Média", IF(F88<=1,"Baixa",""))), "") | H88: =IF(G88="Alta",3,IF(G88="Média",2,IF(G88="Baixa",1,"")))
E89: =IFERROR(ROUNDUP('Dados do Forms'!CG1,0),"") | F89: =IF(ISNUMBER(E89), IF(D89="Invertida", 4 - E89, E89), "") | G89: =IF(ISNUMBER(F89), IF(F89>=3,"Alta", IF(F89=2,"Média", IF(F89<=1,"Baixa",""))), "") | H89: =IF(G89="Alta",3,IF(G89="Média",2,IF(G89="Baixa",1,"")))
E90: =IFERROR(ROUNDUP('Dados do Forms'!CH1,0),"") | F90: =IF(ISNUMBER(E90), IF(D90="Invertida", 4 - E90, E90), "") | G90: =IF(ISNUMBER(F90), IF(F90>=3,"Alta", IF(F90=2,"Média", IF(F90<=1,"Baixa",""))), "") | H90: =IF(G90="Alta",3,IF(G90="Média",2,IF(G90="Baixa",1,"")))
E91: =IFERROR(ROUNDUP('Dados do Forms'!CI1,0),"") | F91: =IF(ISNUMBER(E91), IF(D91="Invertida", 4 - E91, E91), "") | G91: =IF(ISNUMBER(F91), IF(F91>=3,"Alta", IF(F91=2,"Média", IF(F91<=1,"Baixa",""))), "") | H91: =IF(G91="Alta",3,IF(G91="Média",2,IF(G91="Baixa",1,"")))
E92: =IFERROR(ROUNDUP('Dados do Forms'!CJ1,0),"") | F92: =IF(ISNUMBER(E92), IF(D92="Invertida", 4 - E92, E92), "") | G92: =IF(ISNUMBER(F92), IF(F92>=3,"Alta", IF(F92=2,"Média", IF(F92<=1,"Baixa",""))), "") | H92: =IF(G92="Alta",3,IF(G92="Média",2,IF(G92="Baixa",1,"")))
E93: =IFERROR(ROUNDUP('Dados do Forms'!CK1,0),"") | F93: =IF(ISNUMBER(E93), IF(D93="Invertida", 4 - E93, E93), "") | G93: =IF(ISNUMBER(F93), IF(F93>=3,"Alta", IF(F93=2,"Média", IF(F93<=1,"Baixa",""))), "") | H93: =IF(G93="Alta",3,IF(G93="Média",2,IF(G93="Baixa",1,"")))
E94: =IFERROR(ROUNDUP('Dados do Forms'!CL1,0),"") | F94: =IF(ISNUMBER(E94), IF(D94="Invertida", 4 - E94, E94), "") | G94: =IF(ISNUMBER(F94), IF(F94>=3,"Alta", IF(F94=2,"Média", IF(F94<=1,"Baixa",""))), "") | H94: =IF(G94="Alta",3,IF(G94="Média",2,IF(G94="Baixa",1,"")))
E95: =IFERROR(ROUNDUP('Dados do Forms'!CM1,0),"") | F95: =IF(ISNUMBER(E95), IF(D95="Invertida", 4 - E95, E95), "") | G95: =IF(ISNUMBER(F95), IF(F95>=3,"Alta", IF(F95=2,"Média", IF(F95<=1,"Baixa",""))), "") | H95: =IF(G95="Alta",3,IF(G95="Média",2,IF(G95="Baixa",1,"")))
E96: =IFERROR(ROUNDUP('Dados do Forms'!CN1,0),"") | F96: =IF(ISNUMBER(E96), IF(D96="Invertida", 4 - E96, E96), "") | G96: =IF(ISNUMBER(F96), IF(F96>=3,"Alta", IF(F96=2,"Média", IF(F96<=1,"Baixa",""))), "") | H96: =IF(G96="Alta",3,IF(G96="Média",2,IF(G96="Baixa",1,"")))
E97: =IFERROR(ROUNDUP('Dados do Forms'!CO1,0),"") | F97: =IF(ISNUMBER(E97), IF(TRIM(UPPER(D97))="INVERTIDA", 4 - E97, E97), "") | G97: =IF(ISNUMBER(F97), IF(F97>=3,"Alta", IF(F97=2,"Média", IF(F97<=1,"Baixa",""))), "") | H97: =IF(G97="Alta",3,IF(G97="Média",2,IF(G97="Baixa",1,"")))

Sheet Resumo por Tópico
D2: IMPORTANTE! | E2: Ao selecionar um setor ele Gerára em todas as abas os dados do setor.
D3: Lembre-se de Desmarcar Caso deseje ver os dados Gerais como um todo.
A7: Tópico | B7: Média Gravidade | C7: Média Probabilidade | D7: Classificação Gravidade | E7: Classificação Probabilidade
A8: Tópico 01 - Assédio de qualquer natureza no trabalho | B8: =AVERAGEIF(Escala!A:A, A8, Escala!H:H) -> #DIV/0! | C8: 1 | D8: =IF(B8="", "", IFERROR(IF(B8<=1.66, "Baixa", IF(B8<=2.32, "Média", "Alta")), "")) -> #DIV/0! | E8: =IF(C8="","",IFERROR(IF(C8<=1.5,"Baixa",IF(C8<=2.4,"Média","Alta")),"")) -> Baixa
A9: Tópico 02 - Falta de suporte/apoio no trabalho | B9: =AVERAGEIF(Escala!A:A, A9, Escala!H:H) -> #DIV/0! | C9: 2 | D9: =IF(B9="", "", IFERROR(IF(B9<=1.66, "Baixa", IF(B9<=2.32, "Média", "Alta")), "")) -> #DIV/0! | E9: =IF(C9="","",IFERROR(IF(C9<=1.5,"Baixa",IF(C9<=2.4,"Média","Alta")),"")) -> Média
A10: Tópico 03 - Má gestão de mudanças organizacionais | B10: =AVERAGEIF(Escala!A:A, A10, Escala!H:H) -> #DIV/0! | C10: 3 | D10: =IF(B10="", "", IFERROR(IF(B10<=1.66, "Baixa", IF(B10<=2.32, "Média", "Alta")), "")) -> #DIV/0! | E10: =IF(C10="","",IFERROR(IF(C10<=1.5,"Baixa",IF(C10<=2.4,"Média","Alta")),"")) -> Alta
A11: Tópico 04 - Baixa clareza de papel/função | B11: =AVERAGEIF(Escala!A:A, A11, Escala!H:H) -> #DIV/0! | C11: 1 | D11: =IF(B11="", "", IFERROR(IF(B11<=1.66, "Baixa", IF(B11<=2.32, "Média", "Alta")), "")) -> #DIV/0! | E11: =IF(C11="","",IFERROR(IF(C11<=1.5,"Baixa",IF(C11<=2.4,"Média","Alta")),"")) -> Baixa
A12: Tópico 05 - Baixas recompensas e reconhecimento | B12: =AVERAGEIF(Escala!A:A, A12, Escala!H:H) -> #DIV/0! | C12: 2 | D12: =IF(B12="", "", IFERROR(IF(B12<=1.66, "Baixa", IF(B12<=2.32, "Média", "Alta")), "")) -> #DIV/0! | E12: =IF(C12="","",IFERROR(IF(C12<=1.5,"Baixa",IF(C12<=2.4,"Média","Alta")),"")) -> Média
A13: Tópico 06 - Baixo controle no trabalho / Falta de autonomia | B13: =AVERAGEIF(Escala!A:A, A13, Escala!H:H) -> #DIV/0! | C13: 3 | D13: =IF(B13="", "", IFERROR(IF(B13<=1.66, "Baixa", IF(B13<=2.32, "Média", "Alta")), "")) -> #DIV/0! | E13: =IF(C13="","",IFERROR(IF(C13<=1.5,"Baixa",IF(C13<=2.4,"Média","Alta")),"")) -> Alta
A14: Tópico 07 - Baixa justiça organizacional | B14: =AVERAGEIF(Escala!A:A, A14, Escala!H:H) -> #DIV/0! | C14: 1 | D14: =IF(B14="", "", IFERROR(IF(B14<=1.66, "Baixa", IF(B14<=2.32, "Média", "Alta")), "")) -> #DIV/0! | E14: =IF(C14="","",IFERROR(IF(C14<=1.5,"Baixa",IF(C14<=2.4,"Média","Alta")),"")) -> Baixa
A15: Tópico 08 - Eventos violentos ou traumáticos | B15: =AVERAGEIF(Escala!A:A, A15, Escala!H:H) -> #DIV/0! | C15: 2 | D15: =IF(B15="", "", IFERROR(IF(B15<=1.66, "Baixa", IF(B15<=2.32, "Média", "Alta")), "")) -> #DIV/0! | E15: =IF(C15="","",IFERROR(IF(C15<=1.5,"Baixa",IF(C15<=2.4,"Média","Alta")),"")) -> Média
A16: Tópico 09 - Baixa demanda no trabalho (Subcarga) | B16: =AVERAGEIF(Escala!A:A, A16, Escala!H:H) -> #DIV/0! | C16: 3 | D16: =IF(B16="", "", IFERROR(IF(B16<=1.66, "Baixa", IF(B16<=2.32, "Média", "Alta")), "")) -> #DIV/0! | E16: =IF(C16="","",IFERROR(IF(C16<=1.5,"Baixa",IF(C16<=2.4,"Média","Alta")),"")) -> Alta
A17: Tópico 10 - Excesso de demandas no trabalho (Sobrecarga) | B17: =AVERAGEIF(Escala!A:A, A17, Escala!H:H) -> #DIV/0! | C17: 1 | D17: =IF(B17="", "", IFERROR(IF(B17<=1.66, "Baixa", IF(B17<=2.32, "Média", "Alta")), "")) -> #DIV/0! | E17: =IF(C17="","",IFERROR(IF(C17<=1.5,"Baixa",IF(C17<=2.4,"Média","Alta")),"")) -> Baixa
A18: Tópico 11 - Maus relacionamentos no local de trabalho | B18: =AVERAGEIF(Escala!A:A, A18, Escala!H:H) -> #DIV/0! | C18: 2 | D18: =IF(B18="", "", IFERROR(IF(B18<=1.66, "Baixa", IF(B18<=2.32, "Média", "Alta")), "")) -> #DIV/0! | E18: =IF(C18="","",IFERROR(IF(C18<=1.5,"Baixa",IF(C18<=2.4,"Média","Alta")),"")) -> Média
A19: Tópico 12 - Trabalho em condições de difícil comunicação | B19: =AVERAGEIF(Escala!A:A, A19, Escala!H:H) -> #DIV/0! | C19: 3 | D19: =IF(B19="", "", IFERROR(IF(B19<=1.66, "Baixa", IF(B19<=2.32, "Média", "Alta")), "")) -> #DIV/0! | E19: =IF(C19="","",IFERROR(IF(C19<=1.5,"Baixa",IF(C19<=2.4,"Média","Alta")),"")) -> Alta
A20: Tópico 13 - Trabalho remoto e isolado | B20: =AVERAGEIF(Escala!A:A, A20, Escala!H:H) -> #DIV/0! | C20: 1 | D20: =IF(B20="", "", IFERROR(IF(B20<=1.66, "Baixa", IF(B20<=2.32, "Média", "Alta")), "")) -> #DIV/0! | E20: =IF(C20="","",IFERROR(IF(C20<=1.5,"Baixa",IF(C20<=2.4,"Média","Alta")),"")) -> Baixa

Sheet Análise e Avaliação
C2: DRPS - DIAGNÓSTICO DE RISCOS PSICOSSOCIAIS
C3: Responsável Técnico pela Avaliação (Psicologo) (a): | F3: CRP:
C4: INDENTIFICAÇÃO
C5: CNPJ | D5: 00.000.000/0000-00 | F5: Data da Elaboração:
C6: Setor
C7: Funções | K7: Baixa | L7: Média | M7: Alta
C8: Quantidade de Trabalhadores na Função: | E8: Homens | F8: Mulheres | J8: Baixa | K8: Baixo | L8: Baixo | M8: Médio
C9: Possiveis Agravos a saúde Mental: | D9: (Ex: Tudo aquilo que pode acontecer com esses colaboradores se os riscos psicossocias não forem indentificados e controlados, incluindo transtornos psicológicos e emcoionais como o Burnout e outros) | J9: Média | K9: Baixo | L9: Médio | M9: Alto
C10: Medidas de Controle Existentes: | D10: (Ex: As ações que a empresa já realiza para controle dos riscos psicossociais se houverem). | J10: Alta | K10: Médio | L10: Alto | M10: Crítico
C11: Classificaçao de Risco Psicosocial
C12: Critério | D12: Quantitativo e Qualitativo
C13: Fatores de Risco | D13: Fontes Geradoras do Risco | E13: Gravidade (Severidade) | F13: Probabilidade de Ocorrência | G13: Matriz Risco
C14: Assédio de qualquer natureza no trabalho | D14: Cultura permissiva a desrespeito; ausência de canal de denúncia; liderança despreparada; comunicação violenta. | E14: ='Resumo por Tópico'!$D$8 -> #DIV/0! | F14: ='Resumo por Tópico'!E8 -> Baixa | G14: =IFERROR(INDEX($K$8:$M$10, MATCH(E14, $J$8:$J$10, 0), MATCH(F14, $K$7:$M$7, 0)),"")
C15: Falta de suporte/apoio no trabalho | D15: Liderança ausente; falta de escuta; cobrança sem acompanhamento; RH pouco atuante. | E15: ='Resumo por Tópico'!$D$9 -> #DIV/0! | F15: ='Resumo por Tópico'!E9 -> Média | G15: =IFERROR(INDEX($K$8:$M$10, MATCH(E15, $J$8:$J$10, 0), MATCH(F15, $K$7:$M$7, 0)),"")
C16: Má gestão de mudanças organizacionais | D16: Comunicação inadequada; mudanças abruptas; falta de planejamento; insegurança quanto à estabilidade. | E16: ='Resumo por Tópico'!$D$10 -> #DIV/0! | F16: ='Resumo por Tópico'!E10 -> Alta | G16: =IFERROR(INDEX($K$8:$M$10, MATCH(E16, $J$8:$J$10, 0), MATCH(F16, $K$7:$M$7, 0)),"")
C17: Baixa clareza de papel/função | D17: Falta de definição de responsabilidades; ordens contraditórias; comunicação confusa; atribuições mal definidas. | E17: ='Resumo por Tópico'!$D$11 -> #DIV/0! | F17: ='Resumo por Tópico'!E11 -> Baixa | G17: =IFERROR(INDEX($K$8:$M$10, MATCH(E17, $J$8:$J$10, 0), MATCH(F17, $K$7:$M$7, 0)),"")
C18: Baixas recompensas e reconhecimento | D18: Ausência de feedback; foco exclusivo em metas; reconhecimento desigual; falta de plano de crescimento. | E18: ='Resumo por Tópico'!$D$12 -> #DIV/0! | F18: ='Resumo por Tópico'!E12 -> Média | G18: =IFERROR(INDEX($K$8:$M$10, MATCH(E18, $J$8:$J$10, 0), MATCH(F18, $K$7:$M$7, 0)),"")
C19: Baixo controle no trabalho / Falta de autonomia | D19: Microgestão; excesso de burocracia; centralização de decisões; baixa confiança na equipe. | E19: ='Resumo por Tópico'!$D$13 -> #DIV/0! | F19: ='Resumo por Tópico'!E13 -> Alta | G19: =IFERROR(INDEX($K$8:$M$10, MATCH(E19, $J$8:$J$10, 0), MATCH(F19, $K$7:$M$7, 0)),"")
C20: Baixa justiça organizacional | D20: Critérios pouco transparentes; favorecimento; desigualdade de tratamento; decisões pouco claras. | E20: ='Resumo por Tópico'!$D$14 -> #DIV/0! | F20: ='Resumo por Tópico'!E14 -> Baixa | G20: =IFERROR(INDEX($K$8:$M$10, MATCH(E20, $J$8:$J$10, 0), MATCH(F20, $K$7:$M$7, 0)),"")
C21: Eventos violentos ou traumáticos | D21: Falta de protocolos de segurança; exposição a risco; ausência de treinamento; falta de suporte pós-evento. | E21: ='Resumo por Tópico'!$D$15 -> #DIV/0! | F21: ='Resumo por Tópico'!E15 -> Média | G21: =IFERROR(INDEX($K$8:$M$10, MATCH(E21, $J$8:$J$10, 0), MATCH(F21, $K$7:$M$7, 0)),"")
C22: Baixa demanda no trabalho (Subcarga) | D22: Subutilização de competências; ociosidade; má distribuição de tarefas; funções pouco desafiadoras. | E22: ='Resumo por Tópico'!$D$16 -> #DIV/0! | F22: ='Resumo por Tópico'!E16 -> Alta | G22: =IFERROR(INDEX($K$8:$M$10, MATCH(E22, $J$8:$J$10, 0), MATCH(F22, $K$7:$M$7, 0)),"")
C23: Excesso de demandas no trabalho (Sobrecarga) | D23: Metas irrealistas; equipe insuficiente; jornadas prolongadas; acúmulo de funções. | E23: ='Resumo por Tópico'!$D$17 -> #DIV/0! | F23: ='Resumo por Tópico'!E17 -> Baixa | G23: =IFERROR(INDEX($K$8:$M$10, MATCH(E23, $J$8:$J$10, 0), MATCH(F23, $K$7:$M$7, 0)),"")
C24: Maus relacionamentos no local de trabalho | D24: Comunicação agressiva; rivalidade interna; conflitos mal geridos; liderança despreparada. | E24: ='Resumo por Tópico'!$D$18 -> #DIV/0! | F24: ='Resumo por Tópico'!E18 -> Média | G24: =IFERROR(INDEX($K$8:$M$10, MATCH(E24, $J$8:$J$10, 0), MATCH(F24, $K$7:$M$7, 0)),"")
C25: Trabalho em condições de difícil comunicação | D25: Turnos desalinhados; distância física; falha nos meios de comunicação; fluxo de informação inadequado. | E25: ='Resumo por Tópico'!$D$19 -> #DIV/0! | F25: ='Resumo por Tópico'!E19 -> Alta | G25: =IFERROR(INDEX($K$8:$M$10, MATCH(E25, $J$8:$J$10, 0), MATCH(F25, $K$7:$M$7, 0)),"")
C26: Trabalho remoto e isolado | D26: Isolamento social; falta de acompanhamento; comunicação exclusivamente digital; baixa integração da equipe. | E26: ='Resumo por Tópico'!$D$20 -> #DIV/0! | F26: ='Resumo por Tópico'!E20 -> Baixa | G26: =IFERROR(INDEX($K$8:$M$10, MATCH(E26, $J$8:$J$10, 0), MATCH(F26, $K$7:$M$7, 0)),"")

Sheet Dados Gráficos
A1: Matriz de Risco | D1: Tópico | E1: Média Gravidade | F1: Classificação Gravidade | J1: Tópico 01 - Assédio de qualquer natureza no trabalho | K1: =F2 -> #DIV/0!
A2: Baixo | B2: =COUNTIF('Análise e Avaliação'!$G$13:$G$26,'Dados Gráficos'!A2) -> 0 | D2: Tópico 01 - Assédio de qualquer natureza no trabalho | E2: ='Resumo por Tópico'!B8 -> #DIV/0! | F2: =IF(E2="", "", IFERROR(IF(E2<=1.5, "Baixa", IF(E2<=2.4, "Média", "Alta")), "")) -> #DIV/0! | J2: Tópico 02 - Falta de suporte/apoio no trabalho | K2: =F3 -> #DIV/0!
A3: Médio | B3: =COUNTIF('Análise e Avaliação'!$G$13:$G$26,'Dados Gráficos'!A3) -> 0 | D3: Tópico 02 - Falta de suporte/apoio no trabalho | E3: ='Resumo por Tópico'!B9 -> #DIV/0! | F3: =IF(E3="", "", IFERROR(IF(E3<=1.5, "Baixa", IF(E3<=2.4, "Média", "Alta")), "")) -> #DIV/0! | J3: Tópico 03 - Má gestão de mudanças organizacionais | K3: =F4 -> #DIV/0!
A4: Alto | B4: =COUNTIF('Análise e Avaliação'!$G$13:$G$26,'Dados Gráficos'!A4) -> 0 | D4: Tópico 03 - Má gestão de mudanças organizacionais | E4: ='Resumo por Tópico'!B10 -> #DIV/0! | F4: =IF(E4="", "", IFERROR(IF(E4<=1.5, "Baixa", IF(E4<=2.4, "Média", "Alta")), "")) -> #DIV/0! | J4: Tópico 04 - Baixa clareza de papel/função | K4: =F5 -> #DIV/0!
A5: Crítico | B5: =COUNTIF('Análise e Avaliação'!$G$13:$G$26,'Dados Gráficos'!A5) -> 0 | D5: Tópico 04 - Baixa clareza de papel/função | E5: ='Resumo por Tópico'!B11 -> #DIV/0! | F5: =IF(E5="", "", IFERROR(IF(E5<=1.5, "Baixa", IF(E5<=2.4, "Média", "Alta")), "")) -> #DIV/0! | J5: Tópico 05 - Baixas recompensas e reconhecimento | K5: =F6 -> #DIV/0!
D6: Tópico 05 - Baixas recompensas e reconhecimento | E6: ='Resumo por Tópico'!B12 -> #DIV/0! | F6: =IF(E6="", "", IFERROR(IF(E6<=1.5, "Baixa", IF(E6<=2.4, "Média", "Alta")), "")) -> #DIV/0! | J6: Tópico 06 - Baixo controle no trabalho / Falta de autonomia | K6: =F7 -> #DIV/0!
D7: Tópico 06 - Baixo controle no trabalho / Falta de autonomia | E7: ='Resumo por Tópico'!B13 -> #DIV/0! | F7: =IF(E7="", "", IFERROR(IF(E7<=1.5, "Baixa", IF(E7<=2.4, "Média", "Alta")), "")) -> #DIV/0! | J7: Tópico 07 - Baixa justiça organizacional | K7: =F8 -> #DIV/0!
D8: Tópico 07 - Baixa justiça organizacional | E8: ='Resumo por Tópico'!B14 -> #DIV/0! | F8: =IF(E8="", "", IFERROR(IF(E8<=1.5, "Baixa", IF(E8<=2.4, "Média", "Alta")), "")) -> #DIV/0! | J8: Tópico 08 - Eventos violentos ou traumáticos | K8: =F9 -> #DIV/0!
D9: Tópico 08 - Eventos violentos ou traumáticos | E9: ='Resumo por Tópico'!B15 -> #DIV/0! | F9: =IF(E9="", "", IFERROR(IF(E9<=1.5, "Baixa", IF(E9<=2.4, "Média", "Alta")), "")) -> #DIV/0! | J9: Tópico 09 - Baixa demanda no trabalho (Subcarga) | K9: =F10 -> #DIV/0!
D10: Tópico 09 - Baixa demanda no trabalho (Subcarga) | E10: ='Resumo por Tópico'!B16 -> #DIV/0! | F10: =IF(E10="", "", IFERROR(IF(E10<=1.5, "Baixa", IF(E10<=2.4, "Média", "Alta")), "")) -> #DIV/0! | J10: Tópico 10 - Excesso de demandas no trabalho (Sobrecarga) | K10: =F11 -> #DIV/0!
D11: Tópico 10 - Excesso de demandas no trabalho (Sobrecarga) | E11: ='Resumo por Tópico'!B17 -> #DIV/0! | F11: =IF(E11="", "", IFERROR(IF(E11<=1.5, "Baixa", IF(E11<=2.4, "Média", "Alta")), "")) -> #DIV/0! | J11: Tópico 11 - Maus relacionamentos no local de trabalho | K11: =F12 -> #DIV/0!
D12: Tópico 11 - Maus relacionamentos no local de trabalho | E12: ='Resumo por Tópico'!B18 -> #DIV/0! | F12: =IF(E12="", "", IFERROR(IF(E12<=1.5, "Baixa", IF(E12<=2.4, "Média", "Alta")), "")) -> #DIV/0! | J12: Tópico 12 - Trabalho em condições de difícil comunicação | K12: =F13 -> #DIV/0!
D13: Tópico 12 - Trabalho em condições de difícil comunicação | E13: ='Resumo por Tópico'!B19 -> #DIV/0! | F13: =IF(E13="", "", IFERROR(IF(E13<=1.5, "Baixa", IF(E13<=2.4, "Média", "Alta")), "")) -> #DIV/0! | J13: Tópico 13 - Trabalho remoto e isolado | K13: =F14 -> #DIV/0!
D14: Tópico 13 - Trabalho remoto e isolado | E14: ='Resumo por Tópico'!B20 -> #DIV/0! | F14: =IF(E14="", "", IFERROR(IF(E14<=1.5, "Baixa", IF(E14<=2.4, "Média", "Alta")), "")) -> #DIV/0!
A16: Gravidade Geral
A17: Baixa | B17: =COUNTIF($F$18:$F$30,"Baixa") -> 0 | D17: Tópico | E17: Média Gravidade | F17: Classificação Gravidade
A18: Média | B18: =COUNTIF($F$18:F30,"Média") -> 0 | D18: Tópico 01 - Assédio de qualquer natureza no trabalho | F18: =Planilha5!D4 -> #DIV/0!
A19: Alta | B19: =COUNTIF(F18:F30,"Alta") -> 0 | D19: Tópico 02 - Falta de suporte/apoio no trabalho | F19: =Planilha5!D5 -> #DIV/0!
D20: Tópico 03 - Má gestão de mudanças organizacionais | F20: =Planilha5!D6 -> #DIV/0!
D21: Tópico 04 - Baixa clareza de papel/função | F21: =Planilha5!D7 -> #DIV/0!
D22: Tópico 05 - Baixas recompensas e reconhecimento | F22: =Planilha5!D8 -> #DIV/0!
D23: Tópico 06 - Baixo controle no trabalho / Falta de autonomia | F23: =Planilha5!D9 -> #DIV/0!
D24: Tópico 07 - Baixa justiça organizacional | F24: =Planilha5!D10 -> #DIV/0!
D25: Tópico 08 - Eventos violentos ou traumáticos | F25: =Planilha5!D11 -> #DIV/0!
D26: Tópico 09 - Baixa demanda no trabalho (Subcarga) | F26: =Planilha5!D12 -> #DIV/0!
A27: Gravidade Por Setor | D27: Tópico 10 - Excesso de demandas no trabalho (Sobrecarga) | F27: =Planilha5!D13 -> #DIV/0!
A28: Baixa | B28: =COUNTIF(Tabela6[Gravidade (Severidade) ],'Dados Gráficos'!A28) -> 0 | D28: Tópico 11 - Maus relacionamentos no local de trabalho | F28: =Planilha5!D14 -> #DIV/0!
A29: Média | B29: =COUNTIF(Tabela6[Gravidade (Severidade) ],'Dados Gráficos'!A29) -> 0 | D29: Tópico 12 - Trabalho em condições de difícil comunicação | F29: =Planilha5!D15 -> #DIV/0!
A30: Alta | B30: =COUNTIF(Tabela6[Gravidade (Severidade) ],'Dados Gráficos'!A30) -> 0 | D30: Tópico 13 - Trabalho remoto e isolado | F30: =Planilha5!D16 -> #DIV/0!

Sheet Planilha5
A3: Rótulos de Linha | B3: Média de GravidadeNum
A4: Tópico 01 - Assédio de qualquer natureza no trabalho | B4: #DIV/0! | C4: =ROUNDUP(GETPIVOTDATA("GravidadeNum",$A$3,"Tópico","Tópico 01 - Assédio de qualquer natureza no trabalho"),1) -> #DIV/0! | D4: =IF(C4="", "", IFERROR(IF(C4<=1.66, "Baixa", IF(C4<=2.32, "Média", "Alta")), "")) -> #DIV/0!
A5: Tópico 02 - Falta de suporte/apoio no trabalho | B5: #DIV/0! | C5: =ROUNDUP(GETPIVOTDATA("GravidadeNum",$A$3,"Tópico","Tópico 02 - Falta de suporte/apoio no trabalho"),1) -> #DIV/0! | D5: =IF(C5="", "", IFERROR(IF(C5<=1.66, "Baixa", IF(C5<=2.32, "Média", "Alta")), "")) -> #DIV/0!
A6: Tópico 03 - Má gestão de mudanças organizacionais | B6: #DIV/0! | C6: =ROUNDUP(GETPIVOTDATA("GravidadeNum",$A$3,"Tópico","Tópico 03 - Má gestão de mudanças organizacionais"),1) -> #DIV/0! | D6: =IF(C6="", "", IFERROR(IF(C6<=1.66, "Baixa", IF(C6<=2.32, "Média", "Alta")), "")) -> #DIV/0!
A7: Tópico 04 - Baixa clareza de papel/função | B7: #DIV/0! | C7: =ROUNDUP(GETPIVOTDATA("GravidadeNum",$A$3,"Tópico","Tópico 04 - Baixa clareza de papel/função"),1) -> #DIV/0! | D7: =IF(C7="", "", IFERROR(IF(C7<=1.66, "Baixa", IF(C7<=2.32, "Média", "Alta")), "")) -> #DIV/0!
A8: Tópico 05 - Baixas recompensas e reconhecimento | B8: #DIV/0! | C8: =ROUNDUP(GETPIVOTDATA("GravidadeNum",$A$3,"Tópico","Tópico 05 - Baixas recompensas e reconhecimento"),1) -> #DIV/0! | D8: =IF(C8="", "", IFERROR(IF(C8<=1.66, "Baixa", IF(C8<=2.32, "Média", "Alta")), "")) -> #DIV/0!
A9: Tópico 06 - Baixo controle no trabalho / Falta de autonomia | B9: #DIV/0! | C9: =ROUNDUP(GETPIVOTDATA("GravidadeNum",$A$3,"Tópico","Tópico 06 - Baixo controle no trabalho / Falta de autonomia"),1) -> #DIV/0! | D9: =IF(C9="", "", IFERROR(IF(C9<=1.66, "Baixa", IF(C9<=2.32, "Média", "Alta")), "")) -> #DIV/0!
A10: Tópico 07 - Baixa justiça organizacional | B10: #DIV/0! | C10: =ROUNDUP(GETPIVOTDATA("GravidadeNum",$A$3,"Tópico","Tópico 07 - Baixa justiça organizacional"),1) -> #DIV/0! | D10: =IF(C10="", "", IFERROR(IF(C10<=1.66, "Baixa", IF(C10<=2.32, "Média", "Alta")), "")) -> #DIV/0!
A11: Tópico 08 - Eventos violentos ou traumáticos | B11: #DIV/0! | C11: =ROUNDUP(GETPIVOTDATA("GravidadeNum",$A$3,"Tópico","Tópico 08 - Eventos violentos ou traumáticos"),1) -> #DIV/0! | D11: =IF(C11="", "", IFERROR(IF(C11<=1.66, "Baixa", IF(C11<=2.32, "Média", "Alta")), "")) -> #DIV/0!
A12: Tópico 09 - Baixa demanda no trabalho (Subcarga) | B12: #DIV/0! | C12: =ROUNDUP(GETPIVOTDATA("GravidadeNum",$A$3,"Tópico","Tópico 09 - Baixa demanda no trabalho (Subcarga)"),1) -> #DIV/0! | D12: =IF(C12="", "", IFERROR(IF(C12<=1.66, "Baixa", IF(C12<=2.32, "Média", "Alta")), "")) -> #DIV/0!
A13: Tópico 10 - Excesso de demandas no trabalho (Sobrecarga) | B13: #DIV/0! | C13: =ROUNDUP(GETPIVOTDATA("GravidadeNum",$A$3,"Tópico","Tópico 10 - Excesso de demandas no trabalho (Sobrecarga)"),1) -> #DIV/0! | D13: =IF(C13="", "", IFERROR(IF(C13<=1.66, "Baixa", IF(C13<=2.32, "Média", "Alta")), "")) -> #DIV/0!
A14: Tópico 11 - Maus relacionamentos no local de trabalho | B14: #DIV/0! | C14: =ROUNDUP(GETPIVOTDATA("GravidadeNum",$A$3,"Tópico","Tópico 11 - Maus relacionamentos no local de trabalho"),1) -> #DIV/0! | D14: =IF(C14="", "", IFERROR(IF(C14<=1.66, "Baixa", IF(C14<=2.32, "Média", "Alta")), "")) -> #DIV/0!
A15: Tópico 12 - Trabalho em condições de difícil comunicação | B15: #DIV/0! | C15: =ROUNDUP(GETPIVOTDATA("GravidadeNum",$A$3,"Tópico","Tópico 12 - Trabalho em condições de difícil comunicação"),1) -> #DIV/0! | D15: =IF(C15="", "", IFERROR(IF(C15<=1.66, "Baixa", IF(C15<=2.32, "Média", "Alta")), "")) -> #DIV/0!
A16: Tópico 13 - Trabalho remoto e isolado | B16: #DIV/0! | C16: =ROUNDUP(GETPIVOTDATA("GravidadeNum",$A$3,"Tópico","Tópico 13 - Trabalho remoto e isolado"),1) -> #DIV/0! | D16: =IF(C16="", "", IFERROR(IF(C16<=1.66, "Baixa", IF(C16<=2.32, "Média", "Alta")), "")) -> #DIV/0!
A17: (vazio) | B17: #DIV/0!
A18: Total Geral | B18: #DIV/0!
A20: =IF(AVERAGEIF(Escala!A:A,"Tópico 01 - Assédio de qualquer natureza no trabalho",Escala!F:F)>=3,"Alta",IF(AVERAGEIF(Escala!A:A,"Tópico 01 - Assédio de qualquer natureza no trabalho",Escala!F:F)=2,"Média","Baixa")) -> #DIV/0!
A21: =COUNTIF(Escala!G:G,"Média") -> 0
A22: =COUNTIF(Escala!G:G,"Alta") -> 0

Sheet Planilha2
A1: BAIXO
A2: MÉDIO
A3: ALTO
A4: CRÍTICO

Sheet Medidas de Controle 
A1: Plano Anual de Implementação da NR 01
A2: Acão de Prevencão e Controle | B2: Mês de Implementação
B3: 46082 | C3: 46113 | D3: 46143 | E3: 46174 | F3: 46204 | G3: 46235 | H3: 46266 | I3: 46296 | J3: 46327 | K3: 46357 | L3: 46388 | M3: 46419
A4: DRPS - Diagnóstico de Riscos Psicossociais
A5: Programa de apoio psicológico
A6: Programa de gestão do estresse e prevenção ao burnout
A7: Programa de inteligência emocional para líderes
A8: Programa de prevenção ao assédio moral e psicológico no trabalho
A9: Programa de avaliação psicológica
A10: Programa de psicologia positiva
A11: Programa de saúde mental e clima organizacional
A12: Programa de prevenção e manejo da ansiedade
A13: Programa de equilíbrio vida-trabalho
A14: Programa de comunicação assertiva e não agressiva
A15: Programa de formação de multiplicadores da cultura do cuidado
A16: Programa de treinamento à equipe de RH para implementação da NR 01

Sheet Monitoramento do desempenho
A1: Monitoramento do Desempenho Psicosocial
A2: Essa Aplicacão poderá ser feita apartir de 5 meses Após a Realizacao do DRPS
A3: Risco Baixo | D3: Progamas Prevencionistas
A4: Risco Moderado | G4: ✅
A5: Risco Alto | D5: Progamas interventivos | E5: ➡️ | G5: A cada realizacão de progamas é recomendavél uma reavaliacão do Dignóstico de Risco.
A6: Risco Crítico

Sheet Critérios de Probabilidade 
A1: Avaliação Qualitativa da Probabilidade de Ocorrência dos Riscos Psicossociais
A2: SETOR:
A3: Fator de risco Piscossocial: | B3: Ex: Assédio de Toda e Qualquer Natureza
A4: Critério | B4: Pergunta | C4: Opções de Resposta para Avaliacão do Psicólogo | D4: Pontuacao Atribuida a Probabilidade
A5: Frequência | B5: Com que regularidade o risco psicossocial ocorre no ambiente de trabalho? | C5: Nunca, Raramente, Ocasionalmente, Frequentemente, Sempre | D5: 1 - Baixa / 2 Média / 3 Alta
B6: Qual é a duração típica dos episódios desse risco? | C6: Menos de uma hora, Algumas horas, Um dia inteiro, Vários dias consecutivos
B7: Quantos colaboradores são afetados simultaneamente quando o risco ocorre? | C7: Nenhum, 1-2 colaboradores, 3-5 colaboradores, Mais de 5 colaboradores
A8: Histórico do Risco no Setor | B8: Há registros anteriores de incidentes relacionados a esse risco no setor? | C8: Não há registros, Registros esporádicos, Registros ocasionais, Registros frequentes, Registros constantes
B9: Qual foi a gravidade dos incidentes anteriores relacionados a esse risco? | C9: Nenhum impacto, Impacto leve, Impacto moderado, Impacto significativo, Impacto severo
B10: As causas desses incidentes foram identificadas e abordadas de forma eficaz? | C10: Não identificadas, Identificadas, mas não abordadas, Identificadas e parcialmente abordadas, Identificadas e totalmente abordadas
A11: Recursos Disponíveis | B11: Quais medidas preventivas estão atualmente implementadas para mitigar esse risco? | C11: Nenhuma medida, Medidas informais, Procedimentos formais documentados, Treinamentos regulares, Suporte psicológico disponível
B12: Com que frequência as medidas preventivas existentes são revisadas ou atualizadas? | C12: Nunca, Raramente, Anualmente, Semestralmente, Trimestralmente ou mais frequentemente
B13: Qual é o nível de conhecimento e treinamento dos gestores e colaboradores sobre as medidas de mitigação disponíveis? | C13: Nenhum conhecimento, Conhecimento básico, Conhecimento intermediário, Alto nível de conhecimento
B14: Existem recursos dedicados para apoiar a implementação e monitoramento das medidas de mitigação? | C14: Não existem recursos dedicados, Recursos limitados disponíveis, Recursos adequados disponíveis, Recursos amplamente disponíveis e acessíveis
A16: Avaliação Qualitativa da Probabilidade de Ocorrência dos Riscos Psicossociais
A17: SETOR:
A18: Fator de risco Piscossocial: | B18: Ex: Falta de suporte/apoio no trabalho
A19: Critério | B19: Pergunta | C19: Opções de Resposta para Avaliacão do Psicólogo | D19: Pontuacao Atribuida a Probabilidade
A20: Frequência | B20: Com que regularidade o risco psicossocial ocorre no ambiente de trabalho? | C20: Nunca, Raramente, Ocasionalmente, Frequentemente, Sempre | D20: 1 - Baixa / 2 Média / 3 Alta
B21: Qual é a duração típica dos episódios desse risco? | C21: Menos de uma hora, Algumas horas, Um dia inteiro, Vários dias consecutivos
B22: Quantos colaboradores são afetados simultaneamente quando o risco ocorre? | C22: Nenhum, 1-2 colaboradores, 3-5 colaboradores, Mais de 5 colaboradores
A23: Histórico do Risco no Setor | B23: Há registros anteriores de incidentes relacionados a esse risco no setor? | C23: Não há registros, Registros esporádicos, Registros ocasionais, Registros frequentes, Registros constantes
B24: Qual foi a gravidade dos incidentes anteriores relacionados a esse risco? | C24: Nenhum impacto, Impacto leve, Impacto moderado, Impacto significativo, Impacto severo
B25: As causas desses incidentes foram identificadas e abordadas de forma eficaz? | C25: Não identificadas, Identificadas, mas não abordadas, Identificadas e parcialmente abordadas, Identificadas e totalmente abordadas
A26: Recursos Disponíveis | B26: Quais medidas preventivas estão atualmente implementadas para mitigar esse risco? | C26: Nenhuma medida, Medidas informais, Procedimentos formais documentados, Treinamentos regulares, Suporte psicológico disponível
B27: Com que frequência as medidas preventivas existentes são revisadas ou atualizadas? | C27: Nunca, Raramente, Anualmente, Semestralmente, Trimestralmente ou mais frequentemente
B28: Qual é o nível de conhecimento e treinamento dos gestores e colaboradores sobre as medidas de mitigação disponíveis? | C28: Nenhum conhecimento, Conhecimento básico, Conhecimento intermediário, Alto nível de conhecimento
B29: Existem recursos dedicados para apoiar a implementação e monitoramento das medidas de mitigação? | C29: Não existem recursos dedicados, Recursos limitados disponíveis, Recursos adequados disponíveis, Recursos amplamente disponíveis e acessíveis
A31: Avaliação Qualitativa da Probabilidade de Ocorrência dos Riscos Psicossociais
A32: SETOR:
A33: Fator de risco Piscossocial: | B33: Má gestão de mudanças organizacionais
A34: Critério | B34: Pergunta | C34: Opções de Resposta para Avaliacão do Psicólogo | D34: Pontuacao Atribuida a Probabilidade
A35: Frequência | B35: Com que regularidade o risco psicossocial ocorre no ambiente de trabalho? | C35: Nunca, Raramente, Ocasionalmente, Frequentemente, Sempre | D35: 1 - Baixa / 2 Média / 3 Alta
B36: Qual é a duração típica dos episódios desse risco? | C36: Menos de uma hora, Algumas horas, Um dia inteiro, Vários dias consecutivos
B37: Quantos colaboradores são afetados simultaneamente quando o risco ocorre? | C37: Nenhum, 1-2 colaboradores, 3-5 colaboradores, Mais de 5 colaboradores
A38: Histórico do Risco no Setor | B38: Há registros anteriores de incidentes relacionados a esse risco no setor? | C38: Não há registros, Registros esporádicos, Registros ocasionais, Registros frequentes, Registros constantes
B39: Qual foi a gravidade dos incidentes anteriores relacionados a esse risco? | C39: Nenhum impacto, Impacto leve, Impacto moderado, Impacto significativo, Impacto severo
B40: As causas desses incidentes foram identificadas e abordadas de forma eficaz? | C40: Não identificadas, Identificadas, mas não abordadas, Identificadas e parcialmente abordadas, Identificadas e totalmente abordadas
A41: Recursos Disponíveis | B41: Quais medidas preventivas estão atualmente implementadas para mitigar esse risco? | C41: Nenhuma medida, Medidas informais, Procedimentos formais documentados, Treinamentos regulares, Suporte psicológico disponível
B42: Com que frequência as medidas preventivas existentes são revisadas ou atualizadas? | C42: Nunca, Raramente, Anualmente, Semestralmente, Trimestralmente ou mais frequentemente
B43: Qual é o nível de conhecimento e treinamento dos gestores e colaboradores sobre as medidas de mitigação disponíveis? | C43: Nenhum conhecimento, Conhecimento básico, Conhecimento intermediário, Alto nível de conhecimento
B44: Existem recursos dedicados para apoiar a implementação e monitoramento das medidas de mitigação? | C44: Não existem recursos dedicados, Recursos limitados disponíveis, Recursos adequados disponíveis, Recursos amplamente disponíveis e acessíveis
A46: Avaliação Qualitativa da Probabilidade de Ocorrência dos Riscos Psicossociais
A47: SETOR:
A48: Fator de risco Piscossocial: | B48: Baixa clareza de papel/função
A49: Critério | B49: Pergunta | C49: Opções de Resposta para Avaliacão do Psicólogo | D49: Pontuacao Atribuida a Probabilidade
A50: Frequência | B50: Com que regularidade o risco psicossocial ocorre no ambiente de trabalho? | C50: Nunca, Raramente, Ocasionalmente, Frequentemente, Sempre | D50: 1 - Baixa / 2 Média / 3 Alta
B51: Qual é a duração típica dos episódios desse risco? | C51: Menos de uma hora, Algumas horas, Um dia inteiro, Vários dias consecutivos
B52: Quantos colaboradores são afetados simultaneamente quando o risco ocorre? | C52: Nenhum, 1-2 colaboradores, 3-5 colaboradores, Mais de 5 colaboradores
A53: Histórico do Risco no Setor | B53: Há registros anteriores de incidentes relacionados a esse risco no setor? | C53: Não há registros, Registros esporádicos, Registros ocasionais, Registros frequentes, Registros constantes
B54: Qual foi a gravidade dos incidentes anteriores relacionados a esse risco? | C54: Nenhum impacto, Impacto leve, Impacto moderado, Impacto significativo, Impacto severo
B55: As causas desses incidentes foram identificadas e abordadas de forma eficaz? | C55: Não identificadas, Identificadas, mas não abordadas, Identificadas e parcialmente abordadas, Identificadas e totalmente abordadas
A56: Recursos Disponíveis | B56: Quais medidas preventivas estão atualmente implementadas para mitigar esse risco? | C56: Nenhuma medida, Medidas informais, Procedimentos formais documentados, Treinamentos regulares, Suporte psicológico disponível
B57: Com que frequência as medidas preventivas existentes são revisadas ou atualizadas? | C57: Nunca, Raramente, Anualmente, Semestralmente, Trimestralmente ou mais frequentemente
B58: Qual é o nível de conhecimento e treinamento dos gestores e colaboradores sobre as medidas de mitigação disponíveis? | C58: Nenhum conhecimento, Conhecimento básico, Conhecimento intermediário, Alto nível de conhecimento
B59: Existem recursos dedicados para apoiar a implementação e monitoramento das medidas de mitigação? | C59: Não existem recursos dedicados, Recursos limitados disponíveis, Recursos adequados disponíveis, Recursos amplamente disponíveis e acessíveis
A61: Avaliação Qualitativa da Probabilidade de Ocorrência dos Riscos Psicossociais
A62: SETOR:
A63: Fator de risco Piscossocial: | B63: Baixas recompensas e reconhecimento
A64: Critério | B64: Pergunta | C64: Opções de Resposta para Avaliacão do Psicólogo | D64: Pontuacao Atribuida a Probabilidade
A65: Frequência | B65: Com que regularidade o risco psicossocial ocorre no ambiente de trabalho? | C65: Nunca, Raramente, Ocasionalmente, Frequentemente, Sempre | D65: 1 - Baixa / 2 Média / 3 Alta
B66: Qual é a duração típica dos episódios desse risco? | C66: Menos de uma hora, Algumas horas, Um dia inteiro, Vários dias consecutivos
B67: Quantos colaboradores são afetados simultaneamente quando o risco ocorre? | C67: Nenhum, 1-2 colaboradores, 3-5 colaboradores, Mais de 5 colaboradores
A68: Histórico do Risco no Setor | B68: Há registros anteriores de incidentes relacionados a esse risco no setor? | C68: Não há registros, Registros esporádicos, Registros ocasionais, Registros frequentes, Registros constantes
B69: Qual foi a gravidade dos incidentes anteriores relacionados a esse risco? | C69: Nenhum impacto, Impacto leve, Impacto moderado, Impacto significativo, Impacto severo
B70: As causas desses incidentes foram identificadas e abordadas de forma eficaz? | C70: Não identificadas, Identificadas, mas não abordadas, Identificadas e parcialmente abordadas, Identificadas e totalmente abordadas
A71: Recursos Disponíveis | B71: Quais medidas preventivas estão atualmente implementadas para mitigar esse risco? | C71: Nenhuma medida, Medidas informais, Procedimentos formais documentados, Treinamentos regulares, Suporte psicológico disponível
B72: Com que frequência as medidas preventivas existentes são revisadas ou atualizadas? | C72: Nunca, Raramente, Anualmente, Semestralmente, Trimestralmente ou mais frequentemente
B73: Qual é o nível de conhecimento e treinamento dos gestores e colaboradores sobre as medidas de mitigação disponíveis? | C73: Nenhum conhecimento, Conhecimento básico, Conhecimento intermediário, Alto nível de conhecimento
B74: Existem recursos dedicados para apoiar a implementação e monitoramento das medidas de mitigação? | C74: Não existem recursos dedicados, Recursos limitados disponíveis, Recursos adequados disponíveis, Recursos amplamente disponíveis e acessíveis
A76: Avaliação Qualitativa da Probabilidade de Ocorrência dos Riscos Psicossociais
A77: SETOR:
A78: Fator de risco Piscossocial: | B78: Baixo controle no trabalho / Falta de autonomia
A79: Critério | B79: Pergunta | C79: Opções de Resposta para Avaliacão do Psicólogo | D79: Pontuacao Atribuida a Probabilidade
A80: Frequência | B80: Com que regularidade o risco psicossocial ocorre no ambiente de trabalho? | C80: Nunca, Raramente, Ocasionalmente, Frequentemente, Sempre | D80: 1 - Baixa / 2 Média / 3 Alta
B81: Qual é a duração típica dos episódios desse risco? | C81: Menos de uma hora, Algumas horas, Um dia inteiro, Vários dias consecutivos
B82: Quantos colaboradores são afetados simultaneamente quando o risco ocorre? | C82: Nenhum, 1-2 colaboradores, 3-5 colaboradores, Mais de 5 colaboradores
A83: Histórico do Risco no Setor | B83: Há registros anteriores de incidentes relacionados a esse risco no setor? | C83: Não há registros, Registros esporádicos, Registros ocasionais, Registros frequentes, Registros constantes
B84: Qual foi a gravidade dos incidentes anteriores relacionados a esse risco? | C84: Nenhum impacto, Impacto leve, Impacto moderado, Impacto significativo, Impacto severo
B85: As causas desses incidentes foram identificadas e abordadas de forma eficaz? | C85: Não identificadas, Identificadas, mas não abordadas, Identificadas e parcialmente abordadas, Identificadas e totalmente abordadas
A86: Recursos Disponíveis | B86: Quais medidas preventivas estão atualmente implementadas para mitigar esse risco? | C86: Nenhuma medida, Medidas informais, Procedimentos formais documentados, Treinamentos regulares, Suporte psicológico disponível
B87: Com que frequência as medidas preventivas existentes são revisadas ou atualizadas? | C87: Nunca, Raramente, Anualmente, Semestralmente, Trimestralmente ou mais frequentemente
B88: Qual é o nível de conhecimento e treinamento dos gestores e colaboradores sobre as medidas de mitigação disponíveis? | C88: Nenhum conhecimento, Conhecimento básico, Conhecimento intermediário, Alto nível de conhecimento
B89: Existem recursos dedicados para apoiar a implementação e monitoramento das medidas de mitigação? | C89: Não existem recursos dedicados, Recursos limitados disponíveis, Recursos adequados disponíveis, Recursos amplamente disponíveis e acessíveis
A91: Avaliação Qualitativa da Probabilidade de Ocorrência dos Riscos Psicossociais
A92: SETOR:
A93: Fator de risco Piscossocial: | B93: Baixa justiça organizacional
A94: Critério | B94: Pergunta | C94: Opções de Resposta para Avaliacão do Psicólogo | D94: Pontuacao Atribuida a Probabilidade
A95: Frequência | B95: Com que regularidade o risco psicossocial ocorre no ambiente de trabalho? | C95: Nunca, Raramente, Ocasionalmente, Frequentemente, Sempre | D95: 1 - Baixa / 2 Média / 3 Alta
B96: Qual é a duração típica dos episódios desse risco? | C96: Menos de uma hora, Algumas horas, Um dia inteiro, Vários dias consecutivos
B97: Quantos colaboradores são afetados simultaneamente quando o risco ocorre? | C97: Nenhum, 1-2 colaboradores, 3-5 colaboradores, Mais de 5 colaboradores
A98: Histórico do Risco no Setor | B98: Há registros anteriores de incidentes relacionados a esse risco no setor? | C98: Não há registros, Registros esporádicos, Registros ocasionais, Registros frequentes, Registros constantes
B99: Qual foi a gravidade dos incidentes anteriores relacionados a esse risco? | C99: Nenhum impacto, Impacto leve, Impacto moderado, Impacto significativo, Impacto severo
B100: As causas desses incidentes foram identificadas e abordadas de forma eficaz? | C100: Não identificadas, Identificadas, mas não abordadas, Identificadas e parcialmente abordadas, Identificadas e totalmente abordadas
A101: Recursos Disponíveis | B101: Quais medidas preventivas estão atualmente implementadas para mitigar esse risco? | C101: Nenhuma medida, Medidas informais, Procedimentos formais documentados, Treinamentos regulares, Suporte psicológico disponível
B102: Com que frequência as medidas preventivas existentes são revisadas ou atualizadas? | C102: Nunca, Raramente, Anualmente, Semestralmente, Trimestralmente ou mais frequentemente
B103: Qual é o nível de conhecimento e treinamento dos gestores e colaboradores sobre as medidas de mitigação disponíveis? | C103: Nenhum conhecimento, Conhecimento básico, Conhecimento intermediário, Alto nível de conhecimento
B104: Existem recursos dedicados para apoiar a implementação e monitoramento das medidas de mitigação? | C104: Não existem recursos dedicados, Recursos limitados disponíveis, Recursos adequados disponíveis, Recursos amplamente disponíveis e acessíveis
A106: Avaliação Qualitativa da Probabilidade de Ocorrência dos Riscos Psicossociais
A107: SETOR:
...

Sheet Revisão e Melhoria Continua 
A1: Revisão e Melhoria Contínua
A2: Check List de Aplicacão das acões
A3: Reunião Mensal com a Gestão e RH
A4: Reaplicacão do DRPS
A5: Auditoria Interna do Sistema de Gestão Piscosocial
A6: Treinamento de lideres, gestão, e RH.
A7: TST, Eng, MT, Enf., RH, Compras, CIPA, SIPAT, Ergonomista
